IID,salso,nTotal_pred
NDAR_INV003RTV85,2,-5473.903407302372
NDAR_INV00U4FTRU,5,-48291.17385584849
NDAR_INV01ELX9L6,5,-2.923169285230951
NDAR_INV01RGTWD2,2,-1.033159619931858
NDAR_INV030X9ZNH,5,-14720.201322521714
NDAR_INV04JY6730,1,-4.558087622324707
NDAR_INV05LGG3GZ,3,-1.8593131391290296
NDAR_INV06WHVUPX,2,0.589189430591691
NDAR_INV08FUB58A,1,81727.42518024812
NDAR_INV0A86UD86,1,-1761.1593899924321
NDAR_INV0CV2Y4YR,2,-0.850121286450708
NDAR_INV0HL5D3DF,1,0.9175771188619439
NDAR_INV0JRNB4U4,5,-2.462205630957812
NDAR_INV0L974J49,1,0.24734073914514002
NDAR_INV0NLL2KYE,2,0.23819476744841567
NDAR_INV0NR55WME,2,-4.573742870235711
NDAR_INV0P34UPZ9,1,-1.5302842267800947
NDAR_INV0PKCP1P3,1,-1123.5008650930931
NDAR_INV0UPRUMA1,5,-2989.7191968828874
NDAR_INV0VXEC29A,1,-22811.64800423533
NDAR_INV0X4A2LKW,1,0.5383289823980418
NDAR_INV0XDBADBW,1,-1.490699862543136
NDAR_INV0XU7Z6RH,1,-1.65585034513915
NDAR_INV0YMH4BW6,1,0.5676958974796004
NDAR_INV0YVKYMJX,1,0.6043094129447109
NDAR_INV109GUWFN,2,29226.56618428226
NDAR_INV10TEADFM,5,-2.374089630601896
NDAR_INV12WR8W3U,1,478.28595046131613
NDAR_INV1306ZGW1,2,-1.9446043547553686
NDAR_INV139PZ31D,1,1.6652732652750022
NDAR_INV13FP25D3,1,-0.8097702178962979
NDAR_INV13GH02YK,3,-31952.113700509435
NDAR_INV14992W6G,5,-1.5052768480657348
NDAR_INV1510CJF1,2,10720.013277460774
NDAR_INV15M33G49,1,-6868.1674661784755
NDAR_INV15YZBNE0,2,-0.5395579816931253
NDAR_INV173ZYYKX,5,-2.642013329176391
NDAR_INV174LD3GC,4,-15.600050871662457
NDAR_INV18BE29T0,2,-0.05124456187824046
NDAR_INV18RUWAJN,1,-0.07057182437912599
NDAR_INV1AFNKM8M,5,-1.9451862757025018
NDAR_INV1B7G7LND,1,-0.9084699178691377
NDAR_INV1D42VFML,2,35645.47961294035
NDAR_INV1FT79EHP,1,-1.3828946813811784
NDAR_INV1JERB432,1,-0.31752426234342196
NDAR_INV1JXDFV9Z,1,43634.0704423909
NDAR_INV1K3LDK3L,1,1.0922746593522696
NDAR_INV1MZ6AG9P,2,-3.914803576681567
NDAR_INV1NV489TJ,5,-158535.88321171346
NDAR_INV1P4JN8JH,1,-0.28954519168624593
NDAR_INV1R97KJ7J,5,8520.414424674695
NDAR_INV1U54HX62,1,-27020.45919658557
NDAR_INV1V7XPJKR,1,-0.48961963285129867
NDAR_INV1VKHC02B,2,28568.122245224193
NDAR_INV1VM14D0X,3,-21485.7654039692
NDAR_INV1W5TLB74,2,1.1974363168227726
NDAR_INV1WVHVGH7,1,0.5202528918747149
NDAR_INV1ZK55NV1,5,-2.839581604812773
NDAR_INV1ZKDLXEY,3,-6.354121504038368
NDAR_INV20NDWAH8,1,-3.6367208937568893
NDAR_INV243VF1J7,5,-10936.15191033953
NDAR_INV24MJ2521,2,11896.038713117416
NDAR_INV2547FH92,2,-3.0044809215289767
NDAR_INV25D23GPR,5,-3.767933282198175
NDAR_INV263W8YMY,2,3382.3147628936513
NDAR_INV26AW8K7K,2,0.30103097889386204
NDAR_INV26YB6ZJ9,5,-472.3231247041924
NDAR_INV27EPWLDM,5,-2.6975097701622976
NDAR_INV28X60X09,5,-2.1978133127016775
NDAR_INV29299DLJ,1,-0.878284504779092
NDAR_INV29YF00DM,5,-3.3146169926786
NDAR_INV2A5C0KWW,5,-2.4344461818545646
NDAR_INV2B7P1TMR,3,-525.8116600456563
NDAR_INV2B9KMD5C,1,-1.0647769812843813
NDAR_INV2BBMM5MF,5,245666.77837057126
NDAR_INV2BUTEB8U,1,-2.7755416418774144
NDAR_INV2CK4MB02,5,21827.038310587403
NDAR_INV2DTHE81G,1,-0.26670875358388685
NDAR_INV2E5NFGXW,2,-2.0057519307279534
NDAR_INV2E77XGT6,1,-6018.2811570006215
NDAR_INV2ETV199X,2,4560.556413976965
NDAR_INV2FXB1E4J,2,-0.6232603145031993
NDAR_INV2H0FM634,1,3464.321384646873
NDAR_INV2K16Y0LC,5,-2.6222226553618975
NDAR_INV2KJNX54B,1,-2788.4334500095456
NDAR_INV2L40420R,1,-0.44988445946654176
NDAR_INV2LA00BUD,2,-1.0795217243245319
NDAR_INV2LD0E2FB,3,-6515.570573795918
NDAR_INV2NZV8ELL,2,-0.9384502236348045
NDAR_INV2P2LLTJC,5,-3.5288432590489855
NDAR_INV2P48F0JJ,1,-3.0215678339629295
NDAR_INV2PFVV0YJ,2,-3930.251844023795
NDAR_INV2RJ8ZRGL,1,-0.7284477517870115
NDAR_INV2TRERCDA,5,41774.90838203841
NDAR_INV2U3DNEET,1,-1.5247261397652319
NDAR_INV2U88LX3T,1,-0.47015448416814665
NDAR_INV2VJF8M3C,3,-1.9297602857705125
NDAR_INV2VY7YYNW,1,-0.33609987219292436
NDAR_INV2W4HNGV7,5,-1.5128272941034009
NDAR_INV2YBXVCKR,5,-2.3240338793049773
NDAR_INV2YH5GYE4,1,-1.7851751539181522
NDAR_INV2ZJXDTEL,1,1.7144520475361988
NDAR_INV3093VDLX,2,-0.5239666798091205
NDAR_INV31NMMY4J,1,2.4581966581477364
NDAR_INV32P8UGE7,5,-2.3374217995731326
NDAR_INV34BZY5KP,5,-3.3192114526565066
NDAR_INV34H78073,2,-1.350151507273123
NDAR_INV34YGA6HN,2,-0.5860928799093105
NDAR_INV355PUM5E,1,-1.0584391676424507
NDAR_INV361NRHEX,5,-1.3753356645686006
NDAR_INV37E785RU,5,-1.282373970859028
NDAR_INV37FTP2A7,5,-14090.408211472533
NDAR_INV37MKKJBX,2,-45267.173114587546
NDAR_INV38MDKPJC,2,-1.9388577937882057
NDAR_INV38UUC1PC,1,4285.390358661279
NDAR_INV3A81U14B,1,6985.998278494156
NDAR_INV3B70AX8C,5,-2.8147604634379313
NDAR_INV3B78K6LY,3,-2.402732653180901
NDAR_INV3GFD7GXB,5,-2.4445252849036487
NDAR_INV3H54D8DK,2,-2.5656600724461227
NDAR_INV3H81JJ1U,2,9121.367566389223
NDAR_INV3HV5ZJLJ,2,-0.38749335989056094
NDAR_INV3KBYKMJ2,1,3.004623188531975
NDAR_INV3MANP3Y8,5,-2.2796736863587608
NDAR_INV3N6L8Z9U,5,-3.189646044690243
NDAR_INV3P1U2ABW,2,-1.3323010299013034
NDAR_INV3RXJAR68,1,2147.0645250550965
NDAR_INV3TG667EC,3,38968.05765500033
NDAR_INV3TGTC3C9,2,0.24149232772518892
NDAR_INV3TT997HJ,1,0.8713940030242757
NDAR_INV3VGP47P6,5,-5255.021616776594
NDAR_INV3WXXPJKW,5,-1.593078060375801
NDAR_INV3XM1RJF0,2,-480.3139627513175
NDAR_INV3XW4NJJV,1,-29963.46604732098
NDAR_INV3YKLWXF1,5,-3.23076449265027
NDAR_INV3ZHEYRWE,1,113.96239601947869
NDAR_INV41KABJ1Z,3,159.63908548763598
NDAR_INV4208ZTJH,5,-384.45928741749293
NDAR_INV43AFH5U4,2,13309.093252655643
NDAR_INV44A0LV53,1,3.2021655709981194
NDAR_INV45F6VJ4T,5,-2.712621436059816
NDAR_INV46VFKP3F,3,-4.147544156965771
NDAR_INV476NCATP,2,3285.4112840476046
NDAR_INV47RJB7Z0,1,-0.9194793112223254
NDAR_INV47W6DHJC,5,0.9027182515209612
NDAR_INV4A443KDZ,1,-0.1904819607221437
NDAR_INV4AY58X03,5,124816.79717927455
NDAR_INV4CB96L7N,1,-3.0978284811125016
NDAR_INV4D6F5KCG,1,0.9665431721115413
NDAR_INV4G3XF9GX,1,-0.06793144286832632
NDAR_INV4GL2HZC0,1,-1.2629648093808707
NDAR_INV4HUTD0B9,1,-1.8016056118303165
NDAR_INV4LF63ATG,2,-0.44356830636051353
NDAR_INV4LPXB23R,2,-2.3258687947622207
NDAR_INV4M3N3TW1,5,-54895.356134126196
NDAR_INV4ME5JJPC,2,-3.5762278743505655
NDAR_INV4NPWH7C3,1,-1.8955999002471762
NDAR_INV4P46R5XT,1,527.296716878314
NDAR_INV4P9B9PGN,2,-0.8563574779904126
NDAR_INV4RFZF7PZ,2,-0.9244166351517483
NDAR_INV4UZ5M3N6,5,-22162.125774266377
NDAR_INV4UZ9DDJH,2,-1.208811163682827
NDAR_INV4WU2W91W,2,-833.2559883372157
NDAR_INV4X19HRWY,1,0.9250085589407125
NDAR_INV4YVTN782,2,-2.0660919315175734
NDAR_INV50P8MAGW,1,9156.364833286365
NDAR_INV512RTCH1,2,-8500.371700348807
NDAR_INV51W3Y9EW,1,0.21983460461616175
NDAR_INV51ZUKMA3,2,-9.624970377302718
NDAR_INV533LX1UY,3,-157840.82853984507
NDAR_INV53AA4BL6,2,-1.2034183151807414
NDAR_INV53BA6MNE,5,-0.8489256647351763
NDAR_INV53EP1G5X,5,-0.6432053437773616
NDAR_INV54EF1FZJ,3,-276.57255762567905
NDAR_INV55XTBJ9D,2,-122.40713754802427
NDAR_INV56J3P7WJ,5,3328.4648689606956
NDAR_INV56KML05T,2,0.2967076366164643
NDAR_INV56P2568B,1,-1.5584329508926384
NDAR_INV56TWKCTL,2,16165.239020043446
NDAR_INV56UZU99J,5,-2.436821208997095
NDAR_INV57F63WRL,3,-5.694382256640319
NDAR_INV57R7NE0T,5,-1.3734885584598653
NDAR_INV581KGKG6,5,-2.684938506603759
NDAR_INV583EKH0A,2,1.9744567867181875
NDAR_INV5890XJCZ,2,-45930.94121117569
NDAR_INV58GL6F39,1,0.05283687568313571
NDAR_INV59MJGL9R,1,-0.14038679824089453
NDAR_INV5BJZW7MU,2,41151.9456573465
NDAR_INV5CAAJ5TK,1,-27530.725593523628
NDAR_INV5CAVZWXG,5,-5582.578323928719
NDAR_INV5D1E6KMW,1,-15983.634613525548
NDAR_INV5E1VA5Z1,2,1.4866242211019736
NDAR_INV5FDXAA9F,5,-4.094075344307221
NDAR_INV5G2YX7EG,1,-2.8333986310778903
NDAR_INV5G3DP835,5,-2.0925991680275544
NDAR_INV5G5KBE3H,1,-169.43053688178017
NDAR_INV5LKTCB6L,5,-2.161350798966793
NDAR_INV5M9Y06N7,1,-2.02108386192865
NDAR_INV5MYF77YV,5,-2.163111787919278
NDAR_INV5N8A69PF,1,-533.4981458944382
NDAR_INV5NZW4ZBJ,1,-984.0710337578183
NDAR_INV5P2UAGPW,1,-6.018625330275813
NDAR_INV5PRF1M68,2,1.453518329218052
NDAR_INV5TJZTXMY,5,-1.7930431689358413
NDAR_INV5TT4VN2V,1,-5.322190927832488
NDAR_INV5U6LFRPZ,5,538.3977314702131
NDAR_INV5UE7EYK6,2,-0.8409041554905463
NDAR_INV5WBZDXME,1,11707.479817234094
NDAR_INV5XV8TY4W,1,32802.80222093124
NDAR_INV5XZZKLKM,2,-0.23676897381319806
NDAR_INV5YHWBYRD,1,-1.5985208087196714
NDAR_INV5YKVY4EN,2,-0.43742171529625057
NDAR_INV60X2U63K,5,-0.348083663001826
NDAR_INV61VV3W6U,5,1.0811666358301606
NDAR_INV61VX090A,1,-0.692818463598489
NDAR_INV61ZHGXE4,1,3916.811378320829
NDAR_INV62G4MJ4G,5,-1.9129892224493499
NDAR_INV62VXCMPT,5,1863.973955827439
NDAR_INV63JMZ9HT,1,-0.019216983328250566
NDAR_INV63MHPM68,2,-83446.02475886489
NDAR_INV66B2RLDF,1,1303.001384310941
NDAR_INV679MKUFP,2,-3165.4198751407503
NDAR_INV67CCUNV4,1,7318.084628764279
NDAR_INV67KWVPR7,1,2.2329234368826696
NDAR_INV67TUZJU7,2,1.3022918720749792
NDAR_INV68WXH24G,1,1.2176299315683319
NDAR_INV68ZA6HHA,1,0.49466927130123445
NDAR_INV69MBGCB3,2,-3.398992824572815
NDAR_INV6AC2J61C,3,-0.5484161080145998
NDAR_INV6C8NRRP1,1,-0.10015675525396216
NDAR_INV6CUNP3EL,2,64729.39319814603
NDAR_INV6DE6KC7V,5,-5.301262966501683
NDAR_INV6EJF2KCZ,1,601.3390528851593
NDAR_INV6G0MHGHA,2,-1.3666862086223026
NDAR_INV6G6L9NXY,1,2.1640960254104247
NDAR_INV6H7448TR,1,-8207.121417145674
NDAR_INV6JJBMHZL,5,-7936.268460130552
NDAR_INV6KDC9UJX,5,2086.675997113416
NDAR_INV6KRBKZYB,3,-0.8857563776739689
NDAR_INV6KW88EPW,2,1.133501689102545
NDAR_INV6N1XNYN7,1,-3.0393025558595252
NDAR_INV6N503HJZ,1,-0.269082565108456
NDAR_INV6NJ4UWH8,1,352.0876249641343
NDAR_INV6NYCB4Y6,5,-3.165960334805394
NDAR_INV6P3M2G8K,5,-2.267824269001629
NDAR_INV6PUUHUTG,5,5387.811099265614
NDAR_INV6T7K85JU,2,421.6089751387472
NDAR_INV6UPZCK82,2,41137.782393667214
NDAR_INV6UZL0D8M,5,341.03357929744874
NDAR_INV6VFFYA3R,3,-2.4314318326419913
NDAR_INV71LY516E,2,-41185.068098689866
NDAR_INV7203PRBW,2,-0.2537904402987539
NDAR_INV72JP5LKF,1,-1.5226905176488814
NDAR_INV72NE2AL6,2,0.9401133385021739
NDAR_INV73P1LVTY,1,1.9176357267677928
NDAR_INV73ZVLFTC,1,-1842.8580615032915
NDAR_INV74A66FHC,2,-2.4575495703823687
NDAR_INV76NR9YPR,5,-2.939270186303943
NDAR_INV76XDC3CZ,5,9578.489749314214
NDAR_INV77M916PU,5,-2.072602216572162
NDAR_INV77R50T8J,2,-2681.0595505933384
NDAR_INV784C061J,1,-0.071838729319071
NDAR_INV79KGLZX3,5,-0.5042520538536838
NDAR_INV7B2V2JHN,4,34.670670941313915
NDAR_INV7C262RWK,2,-1.291603846179878
NDAR_INV7CB47GY8,1,0.5481187829511162
NDAR_INV7CN47GEF,1,0.6857629648404155
NDAR_INV7DU2R3J4,1,-4134.159092277247
NDAR_INV7DUJG7N2,1,1.836008107925047
NDAR_INV7DY4B12E,2,-1.6899387852288368
NDAR_INV7GDD5D2D,2,-0.9090448827068748
NDAR_INV7GYDJXB0,5,-3.3930003230722456
NDAR_INV7H4272VU,5,-21972.719101797433
NDAR_INV7J8EL4J8,2,-3639.607017210747
NDAR_INV7JTB8FL3,5,-3.0632841412997234
NDAR_INV7KN1R7KK,1,-66771.81570607449
NDAR_INV7KTCPBRC,5,-1.2205087946894937
NDAR_INV7L2M29CY,2,-0.6075026576186815
NDAR_INV7LY97KWM,3,-107794.90476251485
NDAR_INV7NW5NH08,1,-2.958202424498878
NDAR_INV7U0R6TL7,1,1.7454926261196486
NDAR_INV7UWTN03J,5,-2.9608018889671373
NDAR_INV7V10F8LD,1,1.7360901010353316
NDAR_INV7WH96F72,1,0.9873997346696867
NDAR_INV7XMDVMD9,2,-0.19840452740969122
NDAR_INV802U9UW9,5,-4.8124785958848175
NDAR_INV804917DP,1,-3983.3100499062894
NDAR_INV81L2CWB2,1,0.22711171897045937
NDAR_INV81W1WMVM,1,-8776.560083768316
NDAR_INV83MAXVLU,1,-4.250170129893904
NDAR_INV83ZDBYTJ,1,-2067.267413102946
NDAR_INV84EPPR51,1,62127.873741268224
NDAR_INV84V3NTN5,5,-2.0462594210159932
NDAR_INV859KRFB8,2,-0.5480522346789437
NDAR_INV85FZZDV1,5,-1.0621011161804725
NDAR_INV8666P5JN,1,1.0032655304483782
NDAR_INV870F1Z1N,5,-2.1175161980749753
NDAR_INV87L30DBB,1,-1.0858887462527942
NDAR_INV88JX7RKX,5,-3.202625818566994
NDAR_INV897CW9GM,2,-8239.733816258871
NDAR_INV8AW4KTUF,1,24466.598182819198
NDAR_INV8BG4EF9Y,5,36996.652642976274
NDAR_INV8BMGPD45,1,-5577.919291343001
NDAR_INV8DJ5XGV5,1,-1.083880449511754
NDAR_INV8E597FU6,2,-1.2170021344196817
NDAR_INV8HJ6249P,5,-1.139605730943667
NDAR_INV8KHWVMVW,5,-4849.197235768573
NDAR_INV8M2Z9BTA,2,-79862.76823734785
NDAR_INV8MYFRL4J,1,-1.9002357722186096
NDAR_INV8PM4DHGY,5,4881.38108947977
NDAR_INV8PMAFPCV,2,-1.5880381402196755
NDAR_INV8T0MD0HG,5,6084.13592874744
NDAR_INV8UF58XPK,5,-0.6010528732121213
NDAR_INV8V6BU6UP,3,-5.552453278060809
NDAR_INV8YAAWZ1X,3,-3.060690245118477
NDAR_INV8YKR9JAK,5,-1.1902018799887408
NDAR_INV8Z3G152U,2,-134.74676213050105
NDAR_INV8ZAB17TC,2,3772.848063442072
NDAR_INV90MAZ9N7,5,-2.9879884341784724
NDAR_INV90RWGDAR,5,5318.585304942077
NDAR_INV90T8PKLB,1,-7869.086058529306
NDAR_INV910NJYX0,1,0.9370380983285663
NDAR_INV925PNR1C,2,17.70025656576464
NDAR_INV9316NFE7,5,-24837.497979177493
NDAR_INV93JYGAXC,5,-3.4576578000370812
NDAR_INV94LUVVX8,1,-14613.983732602082
NDAR_INV94NCJR76,1,2780.2771777296457
NDAR_INV94V97129,1,-0.7272995672346126
NDAR_INV9593TAX5,5,4040.8179917179154
NDAR_INV95L3764E,5,3836.4596968172236
NDAR_INV963N6B2W,3,-31928.938691126445
NDAR_INV97RBCNE4,2,-0.4841082532306619
NDAR_INV98M1KJUD,3,-0.7867523224481294
NDAR_INV99KTC3NN,1,2624.3201794514443
NDAR_INV9A9TXNTZ,5,-2.022052020222652
NDAR_INV9AP81GGJ,2,209824.9248355948
NDAR_INV9DWM4Z1U,2,0.9891520964211971
NDAR_INV9EM32PUW,5,-4.03068884590521
NDAR_INV9G2Y1NLA,3,-4.060358330912157
NDAR_INV9GH5YF96,1,-15204.125199848182
NDAR_INV9HB34LLU,5,-2.52143006565333
NDAR_INV9JFKBC3X,5,-2.674984426631778
NDAR_INV9JLEZ6WE,2,-1.6420325261292035
NDAR_INV9K595FHA,2,-0.09710920898303813
NDAR_INV9NN9PU4H,1,1.726015501383313
NDAR_INV9RWN9ZGX,1,-0.48225615806415656
NDAR_INV9UL0YHV1,1,-1.4421748056012322
NDAR_INV9V1RV3V5,2,-0.3424285531825517
NDAR_INV9VU6KMC8,5,-0.19750862095718041
NDAR_INV9W3PU5P5,2,-0.48505246529171353
NDAR_INV9WJ1WBFC,5,-180430.41714142732
NDAR_INV9XA5VMF4,5,-1.608904589733118
NDAR_INV9YBX357L,5,-0.6559523953862566
NDAR_INV9Z2UV26Z,1,1.880566546892005
NDAR_INV9ZW7Y2R7,2,0.6220520324900133
NDAR_INVA12WR7JP,5,-0.7612069538396561
NDAR_INVA1MV25KY,1,-4198.181741319955
NDAR_INVA1PU5AHW,1,-2779.15845589466
NDAR_INVA2T7V5L9,1,29023.369751425093
NDAR_INVA2ZPZTJJ,2,432.82368577138897
NDAR_INVA31C7WYJ,2,-2.0461912980600596
NDAR_INVA354YMUE,1,-0.6135407707814958
NDAR_INVA4EVCYRA,5,-33019.00670664729
NDAR_INVA6PN17HD,5,-12969.637278520086
NDAR_INVA7NXF2HT,2,-13041.558378554777
NDAR_INVA9E5RPZH,2,-22907.796615407147
NDAR_INVAANB675J,1,-3.452579751492916
NDAR_INVADJMFTFP,1,0.27536519480232224
NDAR_INVAELAXTM1,1,-7670.229347981136
NDAR_INVAF722ZVJ,2,-1.4847286846187098
NDAR_INVAFCVVYJ2,2,-26.145071644036747
NDAR_INVAGKUL2JG,2,-1087.699356266847
NDAR_INVAHUKGDEE,5,-3.0426369088285496
NDAR_INVAK6DKBUL,1,-5735.116997917738
NDAR_INVAKF1Z0JV,2,-9711.355738991733
NDAR_INVALAMYFP6,5,-3.6352154829950143
NDAR_INVALKAWEWB,5,-1.5687493854185655
NDAR_INVAMW3EDUZ,1,-0.2668172399114274
NDAR_INVAPL25X3B,1,-2771.3655370517567
NDAR_INVARHC5HBJ,5,-0.5769384020005216
NDAR_INVAU57LP5P,1,0.9160786487579206
NDAR_INVAUG6P848,1,-3.6347873903132206
NDAR_INVAWMVEC49,2,-51008.186204164165
NDAR_INVAWR7CA19,5,-1.3048422427155344
NDAR_INVAX8FD7BZ,2,-23014.313460477257
NDAR_INVAXGVYABC,5,-835.7755719021101
NDAR_INVAXWA8CAE,2,-3262.421617280759
NDAR_INVAYC2PLB5,1,-0.3754893836675265
NDAR_INVAZ4ZE28H,1,3.46935399989491
NDAR_INVAZCBM6MW,5,-0.620059470887427
NDAR_INVB05L3CJ5,5,-2.585543419326745
NDAR_INVB1T0LLC8,2,-45654.8051878329
NDAR_INVB5XPKWGZ,2,-1242.9000110264446
NDAR_INVB7BG5TYR,5,-4.117579516501628
NDAR_INVB7CBMZ2F,1,-1.0485162161199548
NDAR_INVB8G9KFMC,1,-212.09404008374395
NDAR_INVB8W8N3ME,5,-254.4542166076054
NDAR_INVBBH4GW2D,5,-10012.006410756858
NDAR_INVBCMXWCV0,5,-4.99667761425882
NDAR_INVBDTGBXYZ,1,-169.66858858617366
NDAR_INVBEGMET5J,1,-18759.43611915712
NDAR_INVBJUT8TR0,1,22065.778160898913
NDAR_INVBK0V5AJK,1,0.06795311005344447
NDAR_INVBMFRB748,5,-4.182239636112114
NDAR_INVBNGM6V1R,2,-0.4737524637857964
NDAR_INVBPB9W02P,5,-1.6679991094003992
NDAR_INVBPBXFDRZ,5,31765.488358300943
NDAR_INVBR7WZCN7,1,0.6380429684523058
NDAR_INVBRMGY929,5,-1.6774573872414085
NDAR_INVBRT7E7UK,1,6231.277934465924
NDAR_INVBU9KJZX7,2,-1.299948173296595
NDAR_INVBUT20X7W,1,-0.46252359784692654
NDAR_INVBUWRGTG6,2,-2.322929543681131
NDAR_INVBVJYW4PY,1,-3.7360505549341276
NDAR_INVBVK1GET3,1,294.4460046065775
NDAR_INVBWFE6KU6,1,1.6819751123503226
NDAR_INVBWTD7W8G,1,11402.42195894231
NDAR_INVBWZ4GF6V,1,55.85315446682987
NDAR_INVBXR1L7N8,1,685.6337836488514
NDAR_INVBZTF233W,2,-0.6543923071333794
NDAR_INVBZZYL1L5,3,-1.3599516262867257
NDAR_INVC157K1KH,1,-46.12246063782568
NDAR_INVC1TLGE8E,1,4619.549355388699
NDAR_INVC25XBH2T,5,-1.7382799869251533
NDAR_INVC2ZLETPN,5,-0.41553162366121843
NDAR_INVC53PW1V8,5,-2.6426774159685356
NDAR_INVC6MPJ7ZF,1,293.1231459639571
NDAR_INVC861LGDC,5,-3.1007472166305723
NDAR_INVC9YL3K7V,2,-652.2819203960021
NDAR_INVCA6UX1YE,1,-1.7152531504747472
NDAR_INVCB3T3T8X,2,0.4800817779124364
NDAR_INVCCYUB5TM,1,-2.085535385280577
NDAR_INVCDNXAUT3,1,-914.6742685887211
NDAR_INVCEGFEM93,5,2904.6241043084638
NDAR_INVCGBM7G8T,3,-0.03130386399513127
NDAR_INVCK8WM58K,3,-2.5708096746003446
NDAR_INVCKTT8HAT,2,1535.3036784876338
NDAR_INVCL1R63XL,1,-10859.679408823833
NDAR_INVCL50XAPB,1,5476.483247613126
NDAR_INVCL9HK006,2,0.39218055854933503
NDAR_INVCP3Z2564,1,189.25362718146334
NDAR_INVCP854T1A,1,-1.9102333766171402
NDAR_INVCRM6V6NX,1,-1956.8047905614467
NDAR_INVCTM83NPV,1,79.48467163063772
NDAR_INVCY4X20TC,2,-1.6677594267126925
NDAR_INVCYD11BRB,3,-4.3987698416348895
NDAR_INVCYMF7WT5,2,-1.4332362495132047
NDAR_INVCZLHZX4C,1,-2.499212099107224
NDAR_INVD176PR5Y,5,-2.6434714226044225
NDAR_INVD1C3Z8TZ,1,-0.7200713970896813
NDAR_INVD1PL1RD3,2,-2.1537455327450052
NDAR_INVD3H6KFFT,5,-2.7492555129172827
NDAR_INVD4LYED11,1,-1.1723958371704142
NDAR_INVD5P9PY9L,1,-2.230369442876641
NDAR_INVD5XAZXJG,1,0.9741885765421584
NDAR_INVD66M522R,1,-2992.1764300328546
NDAR_INVD6PPNY0N,1,1.3392021792177853
NDAR_INVD7RR0C8L,5,-1.3588153479000942
NDAR_INVD96NU5LH,5,-4.665798277694778
NDAR_INVD9GD4VKM,1,0.3200437019391163
NDAR_INVD9WZ5K8Y,2,-2.1473605251542502
NDAR_INVDAF6VRMG,5,-3.766742149449235
NDAR_INVDAYVFF0J,2,-0.527818138289845
NDAR_INVDBBYXNYH,5,-3.616592617393589
NDAR_INVDDWUHYTJ,1,-4.856012445474461
NDAR_INVDEHN3PH7,1,0.19952163654334798
NDAR_INVDG4FUC70,2,8185.5064431555575
NDAR_INVDG951Z11,2,-0.8968337475671695
NDAR_INVDGTRNE7V,1,0.11651957962338355
NDAR_INVDHVY95MH,2,-566.1159870322111
NDAR_INVDJHUKGLH,1,-0.7197248346982802
NDAR_INVDJU1GZNN,1,1.4123992364129119
NDAR_INVDLR8T512,1,-518.350613563807
NDAR_INVDPU8752W,2,-26880.349254399316
NDAR_INVDRM97DTU,2,-93374.39394383463
NDAR_INVDRRTEW06,1,4411.1459873859685
NDAR_INVDTRERMG2,1,-1.092916745721089
NDAR_INVDTWEMX2Z,3,-0.5538428447720412
NDAR_INVDU8NAVRN,1,-0.2814023667500177
NDAR_INVDUJJ740F,2,0.1536643120905978
NDAR_INVDWDV4K53,2,-0.432902234568989
NDAR_INVDWGT6R32,1,46475.0988301431
NDAR_INVDWKHJ8MG,5,-3.0341374111707373
NDAR_INVDY0X871X,2,-0.13346690344434592
NDAR_INVDYPE3LNV,1,5566.0962661092835
NDAR_INVE0FCTWAR,2,-2.4816666549805895
NDAR_INVE198R99Y,2,-159.75601548236665
NDAR_INVE1XNAPC7,2,0.6186718807770253
NDAR_INVE2BD0XE6,5,-2.545500342250153
NDAR_INVE3F19GUV,5,3111.73674263549
NDAR_INVE3V8C4N5,1,3.0351743062874452
NDAR_INVE4BZT1U8,2,1.924748664897096
NDAR_INVE4PWCYC0,5,21505.127292939622
NDAR_INVE56RVCP5,1,-2861.9195498642107
NDAR_INVEBFULY5Y,1,924.8257813903804
NDAR_INVEBYKBJ5Z,5,-1.7068973191711119
NDAR_INVED9YFTFB,1,-0.44527790231296094
NDAR_INVEDBGH2KG,2,-0.4217269111604214
NDAR_INVEFCEPKCD,3,-4.067026703958886
NDAR_INVEHM6WFDX,1,0.5796286229255995
NDAR_INVEJ2BUCAH,1,4.994503456928467
NDAR_INVEK9B02NP,2,-2.262962674917808
NDAR_INVEKL2JGYR,2,15844.857064428332
NDAR_INVEPENTXVB,2,23020.635249544503
NDAR_INVEPFAURHA,1,3.9036861577047683
NDAR_INVEPM1GJ03,2,5441.38373508432
NDAR_INVERWG31K7,1,1.6702232919410076
NDAR_INVET1RUD2W,5,-1.780086457464601
NDAR_INVETEZAGR2,3,395.0051712383155
NDAR_INVETWT6P43,5,-46003.16443588594
NDAR_INVEV8YYACG,2,2.132999538732685
NDAR_INVEVC26KZ4,2,-0.5858543509404406
NDAR_INVEVN2CFJL,2,-3.492149298921788
NDAR_INVEWHRTRC2,2,5880.157008742822
NDAR_INVEXB1B45G,1,-4303.509096595172
NDAR_INVEXWHLUB5,2,-23972.91828914531
NDAR_INVF0KJB1P2,1,1.164075244427396
NDAR_INVF28KN8WU,1,-0.07727896113883012
NDAR_INVF3Y1JRRP,3,-2.3830382470976605
NDAR_INVF4Z1R5WK,1,2.9534702154463828
NDAR_INVF5AE11V8,1,2059.7093802711797
NDAR_INVF6784XR4,1,-3391.0575581503035
NDAR_INVF735JEHL,1,0.23008114270560195
NDAR_INVF8GDZ06Y,1,-0.6164370049784282
NDAR_INVFA3PW5BW,3,-5.679734913689232
NDAR_INVFA7TAR0L,5,-1.7881639351129048
NDAR_INVFC0XL0E1,1,-2.3057460960639893
NDAR_INVFCN9U0EN,1,-8176.758620676134
NDAR_INVFD0FRKNT,4,37.61502736348014
NDAR_INVFD69AWTA,2,-1.061217074214311
NDAR_INVFDHJC32H,2,-0.3163753431736619
NDAR_INVFDU2XP47,5,-1.3189634999765794
NDAR_INVFF1W5WM0,1,-981.3410943831877
NDAR_INVFHNEW93L,1,-2.1103982200473417
NDAR_INVFJAEBAJX,5,-1.7361756066570675
NDAR_INVFJC18PGG,2,-12.012870691734294
NDAR_INVFJVMZ2D6,1,2770.1710532378142
NDAR_INVFK3LV5VU,2,-1.6337229372955924
NDAR_INVFKTJNMWU,2,-0.3599215999430298
NDAR_INVFKUYV9K4,1,-0.25762123512840546
NDAR_INVFM6CBFTY,1,2.5701132633487775
NDAR_INVFNCXC6GH,1,-900.5852990159545
NDAR_INVFP0XG9V9,2,0.23486460144151747
NDAR_INVFR8VJPEX,1,0.6050020033053597
NDAR_INVFTL7AL99,2,3097.617136034392
NDAR_INVFTMK8040,1,1.1784967189594933
NDAR_INVFUL1CNV5,1,42966.70592519348
NDAR_INVFVN56Y3J,5,-3.0887156913922844
NDAR_INVFX2LPCN8,1,0.8436157292660112
NDAR_INVFYEE30PX,1,-2.015935620974272
NDAR_INVFYUU1CWH,5,-0.5984733785477213
NDAR_INVFZ97ZA0Z,3,-4.808893721665851
NDAR_INVFZCKB9W4,1,-1.073387208184328
NDAR_INVG22CUD0M,5,-1.420267763842629
NDAR_INVG3LY0X86,2,0.46023523316983245
NDAR_INVG51E0KVR,5,-396.38362996010426
NDAR_INVG5GPKJ4N,1,-0.1300088494577123
NDAR_INVG66DDVRA,5,-1.4381081696281415
NDAR_INVG7CCLJNX,2,742.4941822360632
NDAR_INVG8958BBH,1,0.30827555585527844
NDAR_INVG8B9LC6Y,3,-2.134283870473773
NDAR_INVG8RB25N1,1,1.176896525703769
NDAR_INVGB1LBZ5W,5,-1.9552230530863348
NDAR_INVGECVZYV4,5,-2.9034195846419366
NDAR_INVGEUD7WNN,3,1.1661300434414434
NDAR_INVGFA6CWH3,1,-0.46980195658620055
NDAR_INVGLM2JGDD,2,0.07447445852948595
NDAR_INVGMC8M2DC,5,-3.8056689690901457
NDAR_INVGMJ49GCH,1,-3.7684807131193616
NDAR_INVGP0KJLU3,3,-5.611495147341498
NDAR_INVGTKYE3LD,2,-1.0583161801817373
NDAR_INVGUBG700J,5,-2.5238718431004434
NDAR_INVH0474HRG,1,1.2573533021321466
NDAR_INVH2U1WJM2,2,-1.3238123118493692
NDAR_INVH37LMD3K,5,-2.5336367318206237
NDAR_INVH3JAB3RR,1,-0.3577213113354452
NDAR_INVH3MZK10Z,5,-0.9958094907718886
NDAR_INVH4DCU3R1,2,0.622145890832701
NDAR_INVH5WAU70T,1,0.514660828021032
NDAR_INVH8DWLYJF,5,-3791.0846880562754
NDAR_INVH97X81MU,2,-0.017831418607842528
NDAR_INVHB3A8PXF,3,-5.100537003936703
NDAR_INVHELGE2W9,2,25916.328064999758
NDAR_INVHF0XT8CF,5,-4.003794635108029
NDAR_INVHH47Y43Z,2,-0.5630967598469853
NDAR_INVHJJ00HZ2,5,-4.199251851661651
NDAR_INVHNER3YDN,1,0.18624362243360149
NDAR_INVHUVWGGUZ,5,14574.992517534882
NDAR_INVHWMBN7Y4,1,-1.90639967071699
NDAR_INVHXFHEYX7,2,4982.931345819651
NDAR_INVHXH48HLR,1,26804.400305939846
NDAR_INVHZFXERBU,1,1.9609208417848325
NDAR_INVJ19WCNEJ,1,3018.6032335254085
NDAR_INVJ2LEG1ZN,2,-0.8139035176598242
NDAR_INVJ3DFH4DA,3,-2.744862674007796
NDAR_INVJ4RVF00H,1,-655.5700161054068
NDAR_INVJ6LK5CLK,1,-0.4077079904873321
NDAR_INVJ716H2Y0,1,4147.976066015439
NDAR_INVJG2VGPZN,2,-2.078913579116989
NDAR_INVJGM06GHD,1,23.628307396124036
NDAR_INVJHEF7HG0,1,-0.7550187453251591
NDAR_INVJJ2DNAR0,1,2541.685926128028
NDAR_INVJJMH6ZDT,1,-1.8840082661621698
NDAR_INVJR7AD66J,2,-1.47121091796186
NDAR_INVJTU3X2VF,2,34942.091706843516
NDAR_INVJU6W0MXX,1,0.12543338148132704
NDAR_INVJV3VFJD1,3,1992.974822048719
NDAR_INVJZ13P7PY,4,-40.22167475333754
NDAR_INVK0RXG494,2,-1.1858442973281973
NDAR_INVK0U3PRRR,3,-4.580471374459612
NDAR_INVK1WPW1EZ,2,-0.013196422028008501
NDAR_INVK3K5DLKW,2,-0.20941564716393174
NDAR_INVK598LFL1,1,1323.559812255053
NDAR_INVK8HVK50F,2,1.238964876503703
NDAR_INVK9A553B8,3,-2.8262281403846816
NDAR_INVK9NHYCE6,3,-1.5213956456566489
NDAR_INVKE6Z3413,1,0.18344192232787687
NDAR_INVKEDY719E,1,0.9455362875021998
NDAR_INVKKC98J6W,5,-2.7177371276428324
NDAR_INVKLBUDEGD,1,-2.474485903427246
NDAR_INVKPZYYKTG,5,-2.1570927305747
NDAR_INVKTV6F85N,3,-3.275561624652074
NDAR_INVKVV9NU2R,1,121310.40874668761
NDAR_INVKVVDP6EG,1,0.20136045947126177
NDAR_INVKWEP6GVC,2,-2.3726117277510905
NDAR_INVKZDAJBD7,1,29538.061943095814
NDAR_INVL1UHN7LG,1,10080.045151737779
NDAR_INVL3J71BFM,5,-4.702662081314086
NDAR_INVL41WXZ15,2,0.4732501139397904
NDAR_INVL5KEXX4Y,1,10085.327982124634
NDAR_INVL7GB4EN0,1,2.7608989037650926
NDAR_INVL7GG9GJV,1,4.335182774906582
NDAR_INVL8HJ4BVC,2,0.20275696221762224
NDAR_INVL8MTLH03,2,-0.22877710369826623
NDAR_INVL8VU0XRA,5,-2.0422779220794083
NDAR_INVL9KCH70W,3,-1.231368057618936
NDAR_INVLB0H15T3,1,-0.8974943005322868
NDAR_INVLBELG3A6,1,-174.24136828694873
NDAR_INVLBWL1VE1,5,-4.354347708314211
NDAR_INVLBXNVNEW,5,-19384.139198112785
NDAR_INVLBZW40WR,1,-1.3617661199690605
NDAR_INVLCHL1WZR,5,-2.4683694749253817
NDAR_INVLG46HHB0,1,-3.775834615859089
NDAR_INVLH3PCFW1,2,-23001.0823833731
NDAR_INVLK12P4A5,1,1.1383451464850722
NDAR_INVLM81WCFX,3,-2.662129955084854
NDAR_INVLP57P64D,3,-2.0629269502499206
NDAR_INVLPY5VAXY,1,0.19759538991888487
NDAR_INVLTFXTGJ0,1,-5345.258576428312
NDAR_INVLVW41722,2,0.12360211249045953
NDAR_INVLW127JFT,1,0.6716831998052336
NDAR_INVLXEAXZ7M,5,-21167.30514993035
NDAR_INVLZBR5BLJ,1,-1086.9416737092686
NDAR_INVM255ZJ8M,2,-1.7572926768713557
NDAR_INVM3902G6F,2,0.5441780100621059
NDAR_INVM50LU9VD,2,-0.7070931113464742
NDAR_INVM5M4VXYD,5,-2.072822017342248
NDAR_INVM6781J8F,1,-16722.13018988617
NDAR_INVM70F0J7W,2,-2.971007987969996
NDAR_INVM826RRL7,2,-11915.224967020993
NDAR_INVM86N4GZV,1,130226.50231395771
NDAR_INVM89ZJM03,1,-1.7800551866669487
NDAR_INVMDEU4XC0,2,-2.0992870748437733
NDAR_INVMKPR1T1N,3,-2.8946441989281246
NDAR_INVMKW7RNZ8,2,0.6856030853792646
NDAR_INVMRH2PB50,2,745.9685730120635
NDAR_INVMTVMYZRH,2,-1.8325250933491666
NDAR_INVMXGV952X,1,-2.5396290818727976
NDAR_INVMY85AAAM,2,-0.571649307679605
NDAR_INVN2MD051W,3,-3.6522761817253606
NDAR_INVN4800E3M,5,-4106.608809222291
NDAR_INVN4DBED7D,1,0.08187988502514489
NDAR_INVN4G2HXY1,5,-2.3242065064313797
NDAR_INVN5FRRMAK,1,1.4385874106896315
NDAR_INVN6EULLPB,1,-19101.03328801047
NDAR_INVNCUV83U4,5,-2.494976621620483
NDAR_INVNEJ8RBUG,1,0.6749539399098764
NDAR_INVNJZ90LJV,2,796.7797477273645
NDAR_INVNMRZ1KX9,1,2.5418762447754544
NDAR_INVNNNG8Z3V,2,-19383.854952921694
NDAR_INVNTAR3TAF,5,-3.24469951233238
NDAR_INVNUNMDE7M,2,0.6956453679278628
NDAR_INVNWRWBM61,3,12865.333163419136
NDAR_INVNX5G08HC,2,-1.42674276310813
NDAR_INVNXWTX9VX,1,3.9593159571388683
NDAR_INVNY9E48W0,1,-0.5162232621901612
NDAR_INVNZ6PNAL2,5,-2.188805282935816
NDAR_INVNZ90MJVP,5,5846.265575593924
NDAR_INVP38LCGFT,2,-1.239344327587425
NDAR_INVP3LDF3U5,1,-4.1591837554905435
NDAR_INVP4AK4PTK,1,1.8628177830104702
NDAR_INVP55M5T0X,5,-41807.772722809066
NDAR_INVP7KEYEU0,1,1.5253729088538452
NDAR_INVP8CFEA4E,5,-2.8918563219282043
NDAR_INVPATH0UC3,5,1977.8211904118
NDAR_INVPATP4RPG,2,1577.7708488075148
NDAR_INVPCBB86LH,2,1.5380536913978973
NDAR_INVPCH8JM5B,5,-3.5492522556058037
NDAR_INVPF3UJTKW,5,-2.947807836958945
NDAR_INVPJF841VD,1,0.5518164118581322
NDAR_INVPLP1WVXM,2,-3881.8869997413894
NDAR_INVPRLTKVRN,2,-6380.261748605125
NDAR_INVPTM61L43,1,31051.57353221533
NDAR_INVPTV6A941,2,-153661.2331391914
NDAR_INVPTVMXPMF,5,-2.214586665709432
NDAR_INVPU3WY23M,1,1116.2501243325426
NDAR_INVPUGJUJZ2,5,-1.6395494603151777
NDAR_INVPUHZMWL7,5,-3.809440165308526
NDAR_INVPWDDAD3B,5,-2.7132601319434215
NDAR_INVPWL6YB2C,1,-0.2571020861065183
NDAR_INVR1JFZ70M,5,-2.7143833618577418
NDAR_INVR3GH8J7X,2,1.0990533207712776
NDAR_INVR5VKKRM9,1,-1169.466458670576
NDAR_INVR62PJ1EJ,5,-2.9209329803593294
NDAR_INVR7WFN9E7,5,-0.2869497473099295
NDAR_INVR9AJ27WZ,1,-0.6259528531975945
NDAR_INVRAZRBGAL,1,-5077.2879574511935
NDAR_INVRDCUTM3A,2,9284.168418007132
NDAR_INVREFXMF6L,3,-15388.037221103965
NDAR_INVRELT7MMW,1,-0.8559799269876911
NDAR_INVRFNDEMN8,5,-2.426445040273615
NDAR_INVRGVY0VAU,5,-5.444638087588922
NDAR_INVRJY2T5DU,1,-7628.812356455733
NDAR_INVRMNMGK77,1,-0.662915300791333
NDAR_INVRMTA5CWA,2,-1.3098252688538248
NDAR_INVRRR6XT5R,5,-0.5368486251005956
NDAR_INVRRT6GJ3T,2,1.7639443767156913
NDAR_INVRT4HRE6Z,5,-0.6866474186262436
NDAR_INVRU1UMG5J,5,-1.8266894419700064
NDAR_INVRVKDMDNH,1,-1.7030750738190996
NDAR_INVRY96FYZ8,1,-0.19988111074309275
NDAR_INVT0056CXX,1,57933.44964912932
NDAR_INVT0J4DFC4,5,7146.368749066072
NDAR_INVT4NLHUX4,2,0.00664357174317516
NDAR_INVT6E1MJ14,1,0.20582331674719045
NDAR_INVT6RAMNH2,1,-2.597388589421397
NDAR_INVT6Z99TKW,1,-0.556041309696434
NDAR_INVT7HVBTRE,1,-0.02974820616646771
NDAR_INVT88PYFND,2,2935.7863456435175
NDAR_INVT8KRKTVN,5,-1.2524290389258081
NDAR_INVT9RH5R7B,1,1.0926522829309573
NDAR_INVTAN0M8LG,2,-1.9073272860917057
NDAR_INVTB8BMPV1,5,7274.613775821543
NDAR_INVTBJX7XV9,1,21.595841029659947
NDAR_INVTEGHFYFP,5,-27.985916809529957
NDAR_INVTFJ2LGCD,5,19938.232424478054
NDAR_INVTK4DJ93H,2,-0.6795557105081148
NDAR_INVTN9RVYB1,5,-0.8829340261469778
NDAR_INVTP3NTJB0,2,904.5715573185608
NDAR_INVTTYCH8LT,5,-1.4562853269314409
NDAR_INVTVGCT5T2,5,44186.13720854468
NDAR_INVTZCLUNW2,5,-2.8579208754618177
NDAR_INVU3XLKGUY,1,3735.1323642571
NDAR_INVU6KP4B6G,5,-2.20880919047961
NDAR_INVU7276YU8,5,-13817.386157392724
NDAR_INVU7WWPJ0M,5,-4817.53262258155
NDAR_INVU8AGD1P3,1,-1703.6731071104061
NDAR_INVU9VKB2N8,2,-1.7992063690448012
NDAR_INVUBKLVB72,2,0.09329909310957889
NDAR_INVUBV5LDKV,5,-158120.52188708956
NDAR_INVUCM7Z8R7,3,3086.4119712269066
NDAR_INVUJTA9MD9,1,0.8047939338455423
NDAR_INVUP5T3PT9,1,2592.386709347406
NDAR_INVURYDCKP1,2,-2.3559735412720983
NDAR_INVUTEVFWND,2,-0.4590590790014604
NDAR_INVUU2VUW5T,1,27090.6910057806
NDAR_INVUXJ71XMK,3,-2510.8533310320418
NDAR_INVUY1UGEA3,1,-1.5823032457840243
NDAR_INVUZMCUYWY,1,1.1935663661115163
NDAR_INVV0L5J7B4,1,-6219.697977618148
NDAR_INVV381L7JK,5,-2.7349966600684787
NDAR_INVV4VB3611,5,-1.5544231048181372
NDAR_INVV5TKBR0Y,1,-0.42200688490179383
NDAR_INVVGMX0BPT,1,0.7493011961874881
NDAR_INVVGNCVUXB,3,11228.885252670469
NDAR_INVVH9C9R1J,3,-24162.48149387366
NDAR_INVVJ4BVBAV,1,0.2794639530801862
NDAR_INVVMHC7BEX,2,-1.9776449497320583
NDAR_INVVUD7L4FZ,2,-1.260034161896315
NDAR_INVVWH7ZJJR,5,1324.0974686909467
NDAR_INVVWLNFNMG,1,1.1483299144637191
NDAR_INVW0DAL2AW,1,-0.2025607369843985
NDAR_INVW1BFMH04,1,-2.338135179461127
NDAR_INVW482U9L4,2,-2.3951433587722755
NDAR_INVW4W8HGP2,1,9658.760609922643
NDAR_INVW6GWG9J4,1,-13095.190021157903
NDAR_INVWAFKK7PK,2,1.21678833564322
NDAR_INVWDLCWZL7,2,-1.3581504428961761
NDAR_INVWEJF6GXD,2,-4849.251335379476
NDAR_INVWENNTD21,5,-12688.6545346958
NDAR_INVWGWA2P38,1,-1770.895222695778
NDAR_INVWLMWBF2W,3,-3.0318031005204387
NDAR_INVWNKZ5Z4L,2,-0.6599409243649518
NDAR_INVWPCCMHG1,1,-0.150266734593718
NDAR_INVWV30VA2P,5,-0.2601607617945873
NDAR_INVWVVCYC6W,5,-1542.598123142167
NDAR_INVWY3GY9NE,1,0.5111204180653752
NDAR_INVX7KKFJ5E,5,-20842.309831700706
NDAR_INVX7RUVFDV,5,-2.374071366210002
NDAR_INVX9YK296T,2,-1.2504728589026308
NDAR_INVXBB6NT2L,5,-0.34784622457357717
NDAR_INVXC2KX82P,2,1982.1527006050203
NDAR_INVXHG35TUW,2,1.3076041076015288
NDAR_INVXHKRJC1C,1,0.32973935769035634
NDAR_INVXM0N4RE4,5,-2.2395395892084755
NDAR_INVXPY9ELR7,2,-0.6211266969443267
NDAR_INVXRWF7AVL,1,-3811.8894949986143
NDAR_INVXTBCPTH4,5,-7570.284833241756
NDAR_INVXTRH94BW,1,870.834540191025
NDAR_INVXV9TRYCZ,1,-3.128853729746172
NDAR_INVXVT1UD9C,3,-24836.378557503438
NDAR_INVXWKLKMG1,2,-0.44350145380588524
NDAR_INVY2BPM655,1,31350.5091627396
NDAR_INVY4FZKKCZ,5,-1319.7820210393036
NDAR_INVY4NY9NDV,5,30383.7466520726
NDAR_INVY6FE3R8A,1,-1.0877287514529927
NDAR_INVYC3LF9NG,5,8030.823570023184
NDAR_INVYC42VRVF,5,-1.1727852249861264
NDAR_INVYCL4R17D,2,0.46571563235315877
NDAR_INVYGBUZKCW,5,-2.109677992844281
NDAR_INVYH3BPP7A,1,-200.79367625659427
NDAR_INVYN1N2HYA,1,1994.716839930658
NDAR_INVYPJK6AC5,3,-3.7803230880817087
NDAR_INVYRW56GJ2,5,1330.760980181881
NDAR_INVZ174YN3F,2,-0.9568341445919035
NDAR_INVZ1KX2326,1,5322.852177151836
NDAR_INVZ1WUT8NP,2,0.3754523012091231
NDAR_INVZ3N5A33N,1,-1489.8014097560465
NDAR_INVZ4DPYEX3,1,-24152.264677976018
NDAR_INVZ5M1W790,5,-1.7852522615288877
NDAR_INVZ6EXYCV3,2,123169.54670249303
NDAR_INVZCCYZY0V,5,19236.472063093366
NDAR_INVZEAUYCZF,2,-35.851438300089576
NDAR_INVZF1WFHR3,5,10213.3314164192
NDAR_INVZG4U8G7X,2,-0.06291559134317541
NDAR_INVZJEG08WY,1,2.459175357714127
NDAR_INVZJHF566H,2,-0.9274319511107981
NDAR_INVZK8052MG,2,-1.487592417733771
NDAR_INVZUXHPX3N,2,-0.36669123950247556
NDAR_INVZZL0VA2F,1,-858.7486999632858
NDAR_INV021403LF,1,-21588.521357667894
NDAR_INV059VLAHF,5,-3.5827387501355457
NDAR_INV06DE9Y0L,5,-1.892237143477359
NDAR_INV07RAHHYH,1,2.7088236023006282
NDAR_INV085CYDEZ,1,-0.007771034160172016
NDAR_INV08GBDG8X,1,6613.242321968695
NDAR_INV08J0E48V,2,-1.4546059611126179
NDAR_INV097LUBWX,2,0.6935445627008496
NDAR_INV0A87RKWD,1,-0.7187758758943965
NDAR_INV0A9K5L4R,2,-5401.907285441411
NDAR_INV0DBRJXKG,2,1879.102478968825
NDAR_INV0E1RBR9J,5,-7430.484455389548
NDAR_INV0J1M2ETU,1,-1.8243379519610106
NDAR_INV0JAG7BGC,2,-1.5077766351346167
NDAR_INV0JGVD4F3,2,0.5782840413419404
NDAR_INV0JR6Y529,2,0.2156133736816357
NDAR_INV0LEM88KP,3,-11975.887586047898
NDAR_INV0ML93ZXT,5,-2.8880400255329044
NDAR_INV0MRY4Z3E,2,5406.286651930746
NDAR_INV0PRHUTZA,1,1.2058724632654092
NDAR_INV0RHDH1EL,2,3977.0077720856966
NDAR_INV0ULZKXXG,5,4352.611201371527
NDAR_INV0UMM15GY,3,-7.338231678564438
NDAR_INV0VJZ6NZY,1,0.4811232966086788
NDAR_INV0WELU60J,1,-0.7101267652768499
NDAR_INV0YWBYAGP,2,-0.789528994967306
NDAR_INV155U91DU,2,-197.33162425957389
NDAR_INV18HXV64A,2,-0.44827741924436854
NDAR_INV18XYL4BV,1,-62866.5534834976
NDAR_INV1925AD9X,5,-4.359694427336669
NDAR_INV19JV1ZX5,1,-2.198815343835957
NDAR_INV1AA2VG9C,1,-1.217058781018447
NDAR_INV1AJNN0V2,1,1.5388007833939001
NDAR_INV1BGRYN2J,5,-3.579266653269841
NDAR_INV1BUXN6LH,5,-1.745201607716334
NDAR_INV1D95ZF1L,2,-1848.2807624862496
NDAR_INV1ERVN8M1,5,0.5449291880193531
NDAR_INV1F953XCP,1,1.4263613409880058
NDAR_INV1GVYL05C,5,-2.4503630632899953
NDAR_INV1J2LV4NY,1,-2.100787043842975
NDAR_INV1KXK7MDF,1,0.35373453676248634
NDAR_INV1LC5DBRK,5,-1.687314568067516
NDAR_INV1LW4GJ4L,1,-0.6025482948429046
NDAR_INV1MFM0HL1,5,-3.9193627103636137
NDAR_INV1MKWVMP1,1,4.694150474595104
NDAR_INV1PB7CJTH,2,-1.9917833683179906
NDAR_INV1PN1MPWF,2,53801.90784760007
NDAR_INV1TWMU0JK,1,-1.704008668018952
NDAR_INV1UNYCP25,1,-1.142390745633286
NDAR_INV1UWWV5JP,1,0.5155851229064321
NDAR_INV1V752R9N,1,731.6533419649038
NDAR_INV1YFEDW44,1,2.0729016852388376
NDAR_INV1Z1PW22B,5,-1.717437432429334
NDAR_INV20CNYBBC,1,1195.0081319674507
NDAR_INV21KEUZ1N,2,1.126240266313543
NDAR_INV2563J20P,3,9728.570836705458
NDAR_INV25TV4HPX,2,-2501.2118776897178
NDAR_INV28NRLWRX,1,-2.4740317521041235
NDAR_INV2AVRCTAA,2,-0.45233536471768665
NDAR_INV2BKVEFL8,2,-1.6197504351098284
NDAR_INV2CW9FCHV,1,-20.23130431024441
NDAR_INV2DYU5KZK,5,-2.382431041697981
NDAR_INV2ELMBVNA,1,-5624.6844551425165
NDAR_INV2J3D85NJ,5,0.0217441083300954
NDAR_INV2LHR28JU,2,0.8245436610273525
NDAR_INV2VGT219A,2,-1.99648577770291
NDAR_INV2X0UMZF5,2,-34746.38498443495
NDAR_INV2Z032PK4,2,-2.5414329448234376
NDAR_INV30BGMG0D,5,-3.371472453820232
NDAR_INV31UPFNDE,1,-3634.977245106653
NDAR_INV32ZTA2YU,1,1488.280850871436
NDAR_INV37ZMYZNR,2,0.10676170334878278
NDAR_INV38MJNWUT,5,-3.2393267676284143
NDAR_INV3ATWJ2YH,1,-962.9433592225766
NDAR_INV3AY9C1RJ,1,0.7674792993081428
NDAR_INV3BFH48PE,1,-0.12820597774396852
NDAR_INV3D7TEJUE,2,0.7462906184937435
NDAR_INV3DN8DMP3,1,4.618462175253974
NDAR_INV3E6J6JJR,1,-0.049075608463764936
NDAR_INV3FJ6DHVU,1,3106.409186074551
NDAR_INV3HBNNTXH,2,-1.9384180476888273
NDAR_INV3HZG2Y7P,2,-15867.452565741904
NDAR_INV3NABWF15,5,7122.887638367799
NDAR_INV3PB2GNLM,1,-2112.146929525099
NDAR_INV3PTPRFM5,2,-2.045804615345714
NDAR_INV3T4N9EJD,1,-0.6730312990303811
NDAR_INV3WT1TK9L,5,-1.3844368231031032
NDAR_INV3XZ29M5N,2,-1.6114063993039207
NDAR_INV3YCZGP8H,5,-5.547183695059422
NDAR_INV402278X9,5,-2.354040547764984
NDAR_INV41964BN4,1,1.093899743576156
NDAR_INV43TD8G0E,2,-3055.0144727638276
NDAR_INV44VXW7YA,1,-1.1687669820223492
NDAR_INV4AYYAKWZ,1,-32153.498965272225
NDAR_INV4BJ1W8Z2,1,-0.8655618370993186
NDAR_INV4EK87DJK,3,-0.7697690847777624
NDAR_INV4H9VPPWC,5,-1.9944317047863596
NDAR_INV4NKVRBAJ,5,-4.253978896372409
NDAR_INV4RJPJXN3,5,-0.8638063972636871
NDAR_INV4UJ4B7YT,2,-7477.294905803946
NDAR_INV4VF9CVGF,3,11079.033860501222
NDAR_INV4Y6K99MT,1,1463.871701656428
NDAR_INV4Z38T1RY,2,-1.9997724109145947
NDAR_INV4ZTJFWE1,5,-2.034837612991665
NDAR_INV4ZTRVWH5,2,-1.82585045218958
NDAR_INV50ABALT4,5,-2.0931243136014683
NDAR_INV54YW796D,5,-84.33952686941338
NDAR_INV56B953GR,1,-1.778358270816365
NDAR_INV56L57G10,2,-0.1691898684222871
NDAR_INV59CAGP2B,2,-2.87199402352219
NDAR_INV5B5DML2V,2,-829.672400071025
NDAR_INV5DXMXDFV,2,-1.3402865144496332
NDAR_INV5E5N8A4J,1,-47357.10973200116
NDAR_INV5HDBZPE1,2,-1.3872543074494332
NDAR_INV5JGG99ZM,2,1641.2281906751048
NDAR_INV5LUMKVGJ,1,2.8533727440525376
NDAR_INV5R57W4GA,1,-1009.552997303403
NDAR_INV5VETDCUY,2,-1.7126567790819185
NDAR_INV5VRVMVVT,1,2.171265713785472
NDAR_INV5WTABLWY,5,-1.1594238558598284
NDAR_INV5X1ZU6Z5,1,23087.798311488492
NDAR_INV5YLL09V1,2,-1.4352350843782358
NDAR_INV64HHWR5T,2,-1.7121088848616075
NDAR_INV64PVVHP3,1,-3.9977562211787885
NDAR_INV64VXDF5P,5,-4.5443609081807645
NDAR_INV654DRYXT,3,-3.4721839919816206
NDAR_INV660006Z5,5,-1132.0106074014975
NDAR_INV67LUTZ66,1,0.5517579956172702
NDAR_INV69YP46W3,5,-2.481376912383094
NDAR_INV6D3TTBKJ,1,0.5539403419294043
NDAR_INV6F6ZH8XT,2,1.18188738187395
NDAR_INV6FGUTK6K,3,-20663.59545490895
NDAR_INV6H9BMNN8,2,-0.197344751262548
NDAR_INV6HGWZFVC,1,-2.404041207612996
NDAR_INV6JF8WUYT,3,-722.9562470194803
NDAR_INV6NRB61V1,5,-0.33061673012736936
NDAR_INV6U7X519L,1,119321.12629404356
NDAR_INV6W6JXPC8,2,1.2715197422508306
NDAR_INV6WJRAFFM,5,-0.3374804102046127
NDAR_INV6XE6J751,1,-1.575082525027725
NDAR_INV6XT4AD09,2,-3.054596523375079
NDAR_INV6XTLR9MW,1,1.6831857373947394
NDAR_INV6YFG0ZXV,2,0.4465458855918219
NDAR_INV702TNTVC,1,0.6121166670537201
NDAR_INV72D5W9YN,1,1.8016362512774309
NDAR_INV75RKEU4Z,1,-1978.5291823696564
NDAR_INV75UAC3KM,1,1.5301578313239261
NDAR_INV761E1JVD,1,-2.456718854907771
NDAR_INV765GH2MK,1,-0.6881974795252828
NDAR_INV7AB2FTKZ,5,21285.250829897974
NDAR_INV7APJG7TK,2,-1968.0099786454896
NDAR_INV7F1N85W0,5,-0.7028607177989167
NDAR_INV7GTT6FAU,3,-493.50683612675186
NDAR_INV7H18U74U,5,-2803.2874452962915
NDAR_INV7J2P2KEU,1,-1.9775011647180294
NDAR_INV7JGE0MH9,5,-1.6890260054512451
NDAR_INV7P2D519Z,5,-2167.944462531425
NDAR_INV7P9PRTBA,5,-114533.68912331427
NDAR_INV7PXH7ZBR,1,-1825.8049423870407
NDAR_INV7R43BC6Z,2,-0.4608534259950963
NDAR_INV7UERCC7T,5,-2.0355407490834345
NDAR_INV7UY7DLBX,2,-119.42963656933318
NDAR_INV7VJRB88H,3,-7330.844611120811
NDAR_INV7W42V487,5,-0.7235975951055902
NDAR_INV7W4K75L0,2,-0.3538662867539539
NDAR_INV7X7GDHBZ,2,27605.023155397535
NDAR_INV7XMA6BG5,2,-0.8695779237792778
NDAR_INV7XUV8V0N,4,-66.6995269309724
NDAR_INV7ZE3WGCX,5,-30256.067160488048
NDAR_INV7ZG74PKJ,5,-1.1497636441787094
NDAR_INV804KTLAN,2,-1.5551186588808406
NDAR_INV80LPWRCD,2,86796.56615740508
NDAR_INV80VX1MHD,1,4923.033500831986
NDAR_INV81J6U6L2,1,1.9841460202315273
NDAR_INV82ERJFA5,1,-1.8138801688748576
NDAR_INV851T3JYC,5,-3.0257809008800973
NDAR_INV85W58U88,5,-2.357407622081197
NDAR_INV88RD5H70,2,12566.929712367586
NDAR_INV8CBT9W65,5,419.16376025840844
NDAR_INV8FHKFFRM,1,0.820583826858792
NDAR_INV8H821RXE,1,0.32476320385036284
NDAR_INV8JHCHHNT,5,2926.6156087844283
NDAR_INV8K9N9DEZ,1,-23391.82724189123
NDAR_INV8KDDNHZY,1,1.0364491195134868
NDAR_INV8LZNH731,1,1.7675947741032731
NDAR_INV8M3N131W,1,2.7619040240270376
NDAR_INV8P1H87D1,5,-2.847338264300901
NDAR_INV8RJK7YDV,1,-2.77730282594691
NDAR_INV8RP64EBL,3,314.4098696169127
NDAR_INV8TCYNPU3,1,-0.22714022778343865
NDAR_INV8THNUUY3,5,-0.4797207328204678
NDAR_INV8TWNRCGG,5,-2.7579396837808257
NDAR_INV8TYGH2JB,1,1.611542184875621
NDAR_INV8XTC7XWY,5,10061.520752750048
NDAR_INV8YWYM3BL,1,-2.546719615286489
NDAR_INV8Z3XXD69,1,26051.48635408054
NDAR_INV8ZXPKPRN,2,-0.36808677184087757
NDAR_INV915YKBPY,1,10034.996545747183
NDAR_INV91MTH18D,5,-0.7671099940882063
NDAR_INV92Z37BWN,1,-0.662891100602715
NDAR_INV953WUR8C,1,5508.2391958680055
NDAR_INV956C4ZGG,2,-0.7128859121884921
NDAR_INV96KG6C49,2,0.98733389313355
NDAR_INV976U49PT,2,-3.0326179482106146
NDAR_INV9ACM4FBA,1,1.186715014071817
NDAR_INV9B14E538,1,-0.4615358572913997
NDAR_INV9D98AYBL,1,-1.0894654657855136
NDAR_INV9FB6NNVG,1,-1.6268674644043122
NDAR_INV9J9ECJ8U,1,-0.6070836508997571
NDAR_INV9JCYGTV3,1,3880.400045488922
NDAR_INV9K7D4LHD,5,89070.37891723729
NDAR_INV9KCVTWFZ,5,-4.438272485364029
NDAR_INV9MDFD681,2,0.3494571590535955
NDAR_INV9N895VTP,5,-2.924639302142577
NDAR_INV9PTH3VTR,2,-1.5877061425631351
NDAR_INV9R3R8MW4,1,14465.651359755517
NDAR_INV9WG8CVTX,1,-0.7867117457567976
NDAR_INV9YG22T0B,2,-7925.410475813488
NDAR_INV9Z0LE0BL,3,-9502.819518486622
NDAR_INVA0BVG0DF,1,-0.2699244272025194
NDAR_INVA70DPKY0,2,-0.3373176723754805
NDAR_INVABCY2GG6,5,2969.5727269482745
NDAR_INVACKXV1WP,2,-1.1677211751618362
NDAR_INVACZ024Y5,2,-129113.28281699322
NDAR_INVAD301F7N,5,-3.5676529074706447
NDAR_INVAD8N7RW7,1,0.1611301289820974
NDAR_INVADW3JCNG,5,-4.810185413374494
NDAR_INVAFGG3213,5,-1.371859361608062
NDAR_INVAGP8V8LW,2,-0.8821236042321458
NDAR_INVAH6KK71Y,1,2.817835722479605
NDAR_INVALWW1VUJ,5,-1.6687302777567554
NDAR_INVAMLLW49U,1,-13565.027660255957
NDAR_INVAN03AH80,2,485.11614705403815
NDAR_INVANMZGAVD,2,-2.5997283938282725
NDAR_INVARFAEL21,3,-4.676817963815196
NDAR_INVAUYRNJPC,1,-2.6737819131325744
NDAR_INVAVJXHAEC,5,-2.7982101237328454
NDAR_INVAY223C4J,2,-12612.315349096987
NDAR_INVB1CK69PR,2,0.3695589452717934
NDAR_INVB1E3XW7P,5,-16176.679138689544
NDAR_INVB37AW857,1,-0.19991269835792916
NDAR_INVB6AN7YDK,5,-23885.07083536942
NDAR_INVB9J9H4PK,2,-1.6312067173059315
NDAR_INVB9RXNJDB,2,0.19960237962269683
NDAR_INVBGF86P29,1,-1.0467299949488242
NDAR_INVBHD2GF0Z,2,0.21161598241406696
NDAR_INVBK8KBAZM,2,-0.4595378660803732
NDAR_INVBLHP1W5L,1,0.020461605144922842
NDAR_INVBNRN2W15,1,-2.1440568098245723
NDAR_INVBR0R4R8M,1,-0.5345167720268441
NDAR_INVBR1ZHAEJ,1,1.7529319751520867
NDAR_INVBUBD3WNE,5,-3.2373716520188625
NDAR_INVBW3JU66Z,5,-1.9077412378759768
NDAR_INVBXK5N7Y1,5,-2530.643132263406
NDAR_INVBYARCL2L,1,-9072.464829513046
NDAR_INVC3A7UBT2,5,-1.3597632635391257
NDAR_INVC3E7K9A7,5,2893.419031939112
NDAR_INVC3Y8MBZ8,1,-2.8868438883006347
NDAR_INVC5KPLUZ5,2,20429.9201242153
NDAR_INVC7P1CVEU,1,0.2949091496024186
NDAR_INVCA6R8P2J,2,1.1023210680653457
NDAR_INVCDNAUD1U,2,-39124.17149969428
NDAR_INVCDP4CRFV,1,-0.05993082861789132
NDAR_INVCF2VRU9R,1,22304.022933879016
NDAR_INVCHUKUNFD,1,0.09336207649845296
NDAR_INVCN7V5XKE,5,-1790.2086951039953
NDAR_INVCPKCD2H0,5,93626.25289524798
NDAR_INVCPMFLM9H,2,1.3564151294532962
NDAR_INVCURU4G26,3,1070.1557664892077
NDAR_INVCVK8YHVR,5,-2.0387536465976046
NDAR_INVCY51KY08,5,-1.877690368567943
NDAR_INVD06ADJ09,1,-242.35217831111603
NDAR_INVD0ETUKJA,1,2.3868572711721963
NDAR_INVD0KNT1VK,2,-3586.2959064670904
NDAR_INVD11Y7BH7,1,41184.336662508584
NDAR_INVD1PRDRJG,1,1.2289655546256388
NDAR_INVD2V80DW2,2,-1.1757809441139555
NDAR_INVD3A2CTFX,5,-1.1554855619182354
NDAR_INVD4TVEL8N,3,-4.883278264322872
NDAR_INVD646F8XA,1,20226.849338985634
NDAR_INVD69W33NC,2,496.19022930027205
NDAR_INVD6U7VKP6,1,-1.92846149958457
NDAR_INVD806H93D,5,-3.239899248616355
NDAR_INVD8NF2X35,1,-32699.32209833209
NDAR_INVD91UPVA1,2,-1.3098149509154424
NDAR_INVD9LT4A11,1,-2.5525657241813526
NDAR_INVDA6VVDEG,1,-0.11839818072304588
NDAR_INVDAWZ7L6D,1,-1.9613907718290433
NDAR_INVDBJ78DCD,5,-1.6262242679682735
NDAR_INVDCTNAUD1,1,1951.7888680632982
NDAR_INVDEKRPJ5X,1,1.628914215895785
NDAR_INVDFNR4UMM,3,5685.7808208831
NDAR_INVDHJV77RB,2,-1.724420600675647
NDAR_INVDML4KVG0,1,-17110.902962530738
NDAR_INVDVMAP47N,5,-2.948243689401919
NDAR_INVDX7DPE6L,1,9826.566351311832
NDAR_INVDZBVMMGB,2,-3.6289699595616134
NDAR_INVDZKEBE4K,2,1.8178027276998232
NDAR_INVE7CFEXUC,1,-23176.834847412352
NDAR_INVE7EG3Y66,2,-94581.59319412676
NDAR_INVEB844BJA,2,-1.3877663765109773
NDAR_INVECFADJPF,1,3.2790472079582393
NDAR_INVECUVCZD9,5,-34392.863372708
NDAR_INVED2XF3C4,2,-1.5301713298514847
NDAR_INVEEEJ9XTB,1,-2.9469813551954784
NDAR_INVEF2A6ATB,1,2.4620603363402305
NDAR_INVEFMK5HUC,5,-1.780069365506033
NDAR_INVEFV8GUKC,1,2.003299069756444
NDAR_INVEGRH63PV,5,-4.354967182626081
NDAR_INVEJHM574R,5,-2.541400061073045
NDAR_INVEK4406ZW,2,-1.561290567122966
NDAR_INVEKN9FWNN,1,1.7522579195876375
NDAR_INVEL2DU62H,1,-2517.9972840409946
NDAR_INVEM9U5YCH,5,-1.666932200775216
NDAR_INVEP0DL4X4,5,-1.0384246130947874
NDAR_INVEPDHTY87,1,3.8919282402021618
NDAR_INVEU6NMEWP,1,83117.19575033325
NDAR_INVEWDP96RH,5,-0.6528935269012621
NDAR_INVEXAKNZ18,5,-2.8460949799520194
NDAR_INVEY4BB6R7,5,-10489.871593787379
NDAR_INVEYKTM50X,1,3.3371999596084545
NDAR_INVF1L01D94,1,3.480499739743952
NDAR_INVF20K5ZNE,1,2.036660542009648
NDAR_INVF9KVX7JE,5,7705.829386306117
NDAR_INVFBL5N49H,1,-2.6665892662410084
NDAR_INVFC12GLF0,1,1.9924943429953788
NDAR_INVFCLB0ERE,1,-0.2117049268679708
NDAR_INVFD9X0A8E,5,3038.5114747603866
NDAR_INVFF01R0CH,3,-10844.098685333904
NDAR_INVFH4ZYJY6,2,-0.07649601758672873
NDAR_INVFNFNACAZ,2,-227.09012831690853
NDAR_INVFP8B264R,2,-0.5983454342763922
NDAR_INVFPDTRJ0D,2,0.9858111470441255
NDAR_INVFPDZ4C13,2,-0.5585613210310268
NDAR_INVFR8HM2WT,1,-27469.021940610717
NDAR_INVFR9N4HJY,1,-1.9673172687492573
NDAR_INVFXC7A0T2,5,0.2510799663455699
NDAR_INVFXNJFKE2,1,10727.64282655908
NDAR_INVFY2VY166,1,12284.837126912393
NDAR_INVFYT4DP3T,1,-998.1080082539893
NDAR_INVFZ7AMNW3,4,1.6234388238487845
NDAR_INVG09U8D04,5,-1.5774675944507748
NDAR_INVG0E0L3HV,1,-0.21778799280727765
NDAR_INVG0ZNL58U,1,-99655.07848902431
NDAR_INVG19M2F39,1,-0.25690927708216577
NDAR_INVG1TXFJX2,2,1.6584508417647787
NDAR_INVG231DCYX,2,-1.441639531634565
NDAR_INVG40TP4HF,5,-11202.60986923875
NDAR_INVG4LNRMF9,2,-1.6373454613117209
NDAR_INVG55HTLK3,2,-0.9756842707607953
NDAR_INVG6L0N3UR,2,-1.9721951344416209
NDAR_INVG6VRYVW0,1,-275.739343312325
NDAR_INVG7BRDFU8,5,-1.279787649484308
NDAR_INVG7E3X79T,3,-3.7958091214401266
NDAR_INVG8K37NDD,1,-0.12462920974014163
NDAR_INVGA8XJ9W5,2,0.709571053470773
NDAR_INVGALZWY31,4,-8.752864645203559
NDAR_INVGCZFBJ6B,1,-3.7209584042486514
NDAR_INVGJMJAZ5P,2,-0.07163749076160263
NDAR_INVGJZE0X5U,2,-1.0629531518513773
NDAR_INVGMYU4GT3,2,0.44077237955388243
NDAR_INVGNHMJJTD,1,-1.0381662757164312
NDAR_INVGNKUYWNE,2,-11788.525100190556
NDAR_INVGR223RR6,2,0.09476894459878597
NDAR_INVGU3ADLYR,5,-2.3994933839644887
NDAR_INVGVLXVC7X,5,17891.13153774119
NDAR_INVGWG4RUR9,2,-0.2566903186305371
NDAR_INVGYHXT5DV,1,1.061419467026404
NDAR_INVGYZ787M8,5,-0.14169135885323292
NDAR_INVH1A3JG9F,1,-2.590255434577909
NDAR_INVH2JCLXCG,1,-1.5424337438649958
NDAR_INVH30DZ5Z7,2,-0.8847671378403772
NDAR_INVH3WNU4JB,1,680.1156360097413
NDAR_INVH49WAHRY,5,-2.512470157435583
NDAR_INVH679EZ0Z,1,-0.701138588892653
NDAR_INVH6H319AA,1,0.449194099171719
NDAR_INVH7F09R6E,1,-0.15601070683501098
NDAR_INVH7X044A7,5,-0.9071914894328935
NDAR_INVH8G09YY7,5,-4253.273276914534
NDAR_INVH9DU5D5F,1,1434.651086068412
NDAR_INVHBCXW11P,5,-2.7730084656233176
NDAR_INVHC96P1XH,1,-217.7324443467681
NDAR_INVHEM6RAEH,2,-41995.33463018601
NDAR_INVHF0D2M6B,1,3576.3460411172396
NDAR_INVHJ09MKKG,1,1.0052662299154855
NDAR_INVHJ23NRWV,5,-2.349564404597815
NDAR_INVHJAUY52L,1,1.9849185290063893
NDAR_INVHP17VUZM,1,13871.29060169058
NDAR_INVHP4DCPG2,2,-718.9673129496093
NDAR_INVHPA364MF,1,-1.6564549900673413
NDAR_INVHPNB07E7,2,-0.5683205752541165
NDAR_INVHRKZ329E,5,38123.07580074252
NDAR_INVHRNX3BK4,1,-0.8499796856219929
NDAR_INVHRNYYZFN,1,0.8121734437383654
NDAR_INVHT6KEU1H,1,2.635833072092785
NDAR_INVHUF10CJX,1,0.9619794249577642
NDAR_INVHV9VDD6H,5,108751.76000821343
NDAR_INVHWPWW944,5,-663.4051829543038
NDAR_INVHX1RU4HV,1,3.5120286875492748
NDAR_INVHXHUVGJG,1,-0.15949194039394254
NDAR_INVHYK6GFFE,1,-72016.88506141797
NDAR_INVJ0130AZB,1,8439.618949226031
NDAR_INVJ3DJV7E6,5,-3.940273125764411
NDAR_INVJ3X1G87Z,1,1.4481831082512795
NDAR_INVJ51UCKWX,5,-2.0836509658882822
NDAR_INVJ67B8F0J,1,3.1543400339269017
NDAR_INVJ6EUW017,5,-4.696530122978023
NDAR_INVJ6ZG269P,1,10951.443240959488
NDAR_INVJ8JU5JAA,1,1.412659611682715
NDAR_INVJ92RNHLE,5,24546.256942059103
NDAR_INVJ9GNXGK5,5,422.2549874756539
NDAR_INVJBH3AHLP,5,-3.2360592744775274
NDAR_INVJEUB6WZP,5,13591.306824965228
NDAR_INVJFBCAUBM,1,-0.9599750763020464
NDAR_INVJFZJH8VH,5,-2.402379480521292
NDAR_INVJGV03V17,5,-2.685488000601897
NDAR_INVJGY9JJPW,2,64631.39862590041
NDAR_INVJH7UFKKJ,3,-1.1240601747925345
NDAR_INVJKBDRF1B,1,3.3586617913420067
NDAR_INVJKYR0UWL,1,-0.3162726985995429
NDAR_INVJP0XXWG5,1,9774.95280382014
NDAR_INVJPA3LE7X,5,-1.3118648776860977
NDAR_INVJPLZW1Z0,5,-1.348880059859738
NDAR_INVJR23U8DW,2,-1.6692612258027049
NDAR_INVJR8B2Z56,1,2.7957172080342496
NDAR_INVJU8R73PG,2,-89809.6617415375
NDAR_INVJVA79JYU,2,0.043199536978450685
NDAR_INVJVYJW98X,5,-1.3433314917336507
NDAR_INVJWVF7NPJ,5,-2.3935364870965192
NDAR_INVJX0PX7UM,2,-6182.1233319188805
NDAR_INVJX8BERDK,2,-0.9100185077056929
NDAR_INVJZRV5ANP,5,-2.878078488309358
NDAR_INVK0F6B344,1,-0.1372415874242121
NDAR_INVK0YRT0W7,2,-0.43447474372410466
NDAR_INVK10UU5ME,2,-1.7060649367138403
NDAR_INVK2M95XYW,5,-4.026219390697324
NDAR_INVK2YU9TW1,5,-197542.2157562499
NDAR_INVK31MTN10,5,-3.1251701934680165
NDAR_INVK6RANRAB,5,-3.216449516020603
NDAR_INVK6U0AB4B,2,-1.1411570730784002
NDAR_INVK78X1G9D,5,-0.1942755887390459
NDAR_INVK8CYP94F,1,1.7039957424005305
NDAR_INVKA96L5HC,1,0.04247832230451324
NDAR_INVKAPXUG5A,3,-63688.69786134014
NDAR_INVKB1PDUC8,5,-0.3532187074002441
NDAR_INVKC7ZC9VX,2,-0.5331194240030419
NDAR_INVKE5MUV53,5,-90341.92117567275
NDAR_INVKJRY7YJF,1,-4.160854548505347
NDAR_INVKKY0ZZXD,2,-4143.359187977132
NDAR_INVKL523B72,5,-1.1544166109467042
NDAR_INVKLLP08KA,1,0.48181151139785267
NDAR_INVKM0BYRA9,1,-0.5645138365585755
NDAR_INVKRN7CKJV,5,222.50275125672303
NDAR_INVKT7E0NA1,5,50758.137706747264
NDAR_INVKT8MVW3Z,1,-3550.009528554517
NDAR_INVKTN3FFWD,5,-0.7853168642614734
NDAR_INVKU7P8BC5,5,5459.950554561413
NDAR_INVKUJ7WV09,1,3.268958731425252
NDAR_INVKV3EVHUX,1,-2.2631521437521793
NDAR_INVKVA6MAGM,2,-0.8179465636830444
NDAR_INVKWKW8PLC,2,-0.10374062188541668
NDAR_INVKWYR8JMB,5,13385.44024942859
NDAR_INVKXEBWC6V,1,-2389.1981144053057
NDAR_INVKZE4Z6W0,1,-1.3839610522833306
NDAR_INVL1RVKM6B,1,-0.157792491796362
NDAR_INVL3B6LC0Z,2,-2.802164999358581
NDAR_INVL3UBBTCU,1,0.19578419957049842
NDAR_INVL4GC8H34,2,-1.6395244068753685
NDAR_INVL4H1ABKA,5,-3.204860004762744
NDAR_INVL4V0U23M,2,-0.37516163354196935
NDAR_INVL5AY1R6V,2,-0.5965902025436107
NDAR_INVL5RBR153,2,-0.9012297965758614
NDAR_INVL5W5CDJU,5,-3.930101063472104
NDAR_INVL6J5NEVL,5,-2.6893682204326868
NDAR_INVLBK0GFNR,2,-0.632523367068291
NDAR_INVLE343UAX,5,-3.774344660819852
NDAR_INVLFE1CBD7,5,-1.31782779444223
NDAR_INVLFTGDBYE,5,-2.352848617325231
NDAR_INVLG5EUWL6,5,-3.4068351649600257
NDAR_INVLG9JZFNH,1,-1.8193625539773666
NDAR_INVLHZWGFNU,5,-1.8885651386985072
NDAR_INVLK7A64VC,3,2865.4690681107495
NDAR_INVLLRVRMM8,5,-1.7490017628947314
NDAR_INVLLURBVRZ,2,0.4037501414217227
NDAR_INVLMAAJ8JJ,1,1.3525418247678478
NDAR_INVLMY0XZB5,1,-1717.431262541266
NDAR_INVLP8Z7WGG,1,4474.34578785653
NDAR_INVLPXG0D4J,1,-1.7850105519845854
NDAR_INVLRHY4MJ7,5,-1.433075335348256
NDAR_INVLRKEWN7Z,5,-4.208870769058873
NDAR_INVLTDF7P86,1,-1026.3462222271946
NDAR_INVLU997J7H,1,1525.9899686692804
NDAR_INVLUCM81R3,5,-2.4292930579888123
NDAR_INVLUDF8E8N,5,-5010.243698139537
NDAR_INVLUJH4U9P,5,-3.2219410403812847
NDAR_INVLUZ9DL2U,1,0.4217564704477831
NDAR_INVLV81ZJGV,1,1226.690848277672
NDAR_INVLVJCXFZ6,1,43530.41535472444
NDAR_INVLVLHRL2N,3,-3.8442318686805046
NDAR_INVLW8Z7G7E,1,-6.510066641115165
NDAR_INVLXKCG48T,2,-0.957316893960341
NDAR_INVM03FUB7G,1,-2.006921003155471
NDAR_INVM0GGBPHL,5,1889.5531449447915
NDAR_INVM15U5KMV,1,-1.468310492620873
NDAR_INVM1X8ZZTN,5,292441.78927856946
NDAR_INVM26N3JT3,2,-0.9411533600031912
NDAR_INVM2MEJBDH,1,-3.357609388594699
NDAR_INVM35JHYZ5,5,-15280.062714500747
NDAR_INVM38PWW4W,1,18673.745152051684
NDAR_INVM42YXRFM,5,-3.042190907023653
NDAR_INVM5GX1Z2W,1,-3007.8425837231607
NDAR_INVM7V41Z3J,3,2082.439483692103
NDAR_INVM991TN8B,5,-1.64059825396855
NDAR_INVMBFNBV6T,2,-0.9783368720130148
NDAR_INVMBU1DVRD,1,3.4987260976551333
NDAR_INVMDX2NCNW,1,-0.9888794150798125
NDAR_INVMG9REUL8,2,-1.9041517717361196
NDAR_INVMGJNC1PY,5,-20897.29766817443
NDAR_INVMH17G53W,1,-25.923404808836626
NDAR_INVMJC3XJ60,1,-0.8069471736604029
NDAR_INVMK86VH26,2,-1.2805285235308268
NDAR_INVMKNER6N9,5,-1.7302136427831418
NDAR_INVML3JWCTF,2,0.11316029217093405
NDAR_INVML43DJ88,1,43887.22625773441
NDAR_INVMM3Y00ZD,2,6398.599695086045
NDAR_INVMMLVDCJH,1,-250.8687021120213
NDAR_INVMPD4KFF5,1,0.7727737143963619
NDAR_INVMREK10C4,2,-5105.246734045092
NDAR_INVMTG7H8NA,1,-0.2885605295426356
NDAR_INVMTYZ9AH4,5,0.27292890506672335
NDAR_INVMVT25ECP,1,-0.09238334863583061
NDAR_INVMY1X0RAH,5,-5997.096153825854
NDAR_INVMYUC7TV1,2,-0.2233435169469444
NDAR_INVN08WN4MR,1,685.5439386525719
NDAR_INVN0JV7RUL,1,-0.10980316306326819
NDAR_INVN0T52ZWL,2,-1.4727883088260976
NDAR_INVN0XCHU07,2,-23921.43066852238
NDAR_INVN1TKYKW1,2,-1.130869987833515
NDAR_INVN1UYXP41,2,2643.716824380715
NDAR_INVN2HBFMWK,1,2.4362230301557553
NDAR_INVN31J6BXZ,1,-12508.754849898207
NDAR_INVN6MYRELB,1,1636.6339323343705
NDAR_INVN8P9M0EX,5,-1.8651269262749204
NDAR_INVN9D4XZKE,1,0.6759857730694138
NDAR_INVNA0D3G9K,5,-1.7206991149970687
NDAR_INVNDF1FD44,1,-2.0055632210626606
NDAR_INVNDGUJMHY,1,-3.5909523647623067
NDAR_INVNF8FVG3V,1,1.341505038158403
NDAR_INVNJGJ5FRB,3,61667.04896937592
NDAR_INVNMHULM8G,2,1239.5686659843705
NDAR_INVNPUYJZV2,2,2.1672600014678802
NDAR_INVNT25VUY7,2,-0.9969770766597587
NDAR_INVNT4P4M2F,2,0.47869801726689565
NDAR_INVNTJ9TYDB,1,-1.470815166225486
NDAR_INVNTK7UH4C,5,17189.86048203797
NDAR_INVNTLRZGPK,5,-3.863400386825218
NDAR_INVNU5J10B7,1,-0.390893572057466
NDAR_INVNU9AXHPG,4,-59617.286656084994
NDAR_INVNVJLJ735,1,-3.3880198801367767
NDAR_INVNVZ6Y707,2,-1.934481376239844
NDAR_INVNW2HYJL7,2,-2.5738633059976856
NDAR_INVNW8TFAV3,1,5901.47649583236
NDAR_INVNWYK8ZNE,5,-2.4160005941932945
NDAR_INVNWYV2A50,2,-816.6339161426645
NDAR_INVP0WKD3JY,2,-1.84882288103736
NDAR_INVP3B4C2JE,2,-0.2923199381006312
NDAR_INVP3NFD934,2,16.805577370322546
NDAR_INVP3U1CUBR,2,0.0445368673025037
NDAR_INVP3WMBTEH,1,24981.622723411154
NDAR_INVP3Z2GJ6J,1,0.4532405492777442
NDAR_INVP4GPP1NB,5,-1.9658836598145701
NDAR_INVP4HD6R8B,1,1.9570020996502426
NDAR_INVP5A0M52P,5,-1.1147018207760628
NDAR_INVP5PE9ZJW,1,18885.69115187547
NDAR_INVP64DNDHT,2,-2.549773612428108
NDAR_INVP7NCC1J0,1,14706.627520512933
NDAR_INVP9T34UK2,3,3690.5381270593107
NDAR_INVPBYWZ1LX,5,-4.821830892256758
NDAR_INVPCULUWVC,2,-0.8581356102260657
NDAR_INVPDVYFN7E,5,53450.23717405326
NDAR_INVPE85EKXJ,5,-1.0695532454827503
NDAR_INVPEYUTRRT,1,3.702230066618508
NDAR_INVPGRJ289W,3,-6019.675304348155
NDAR_INVPH1V3YZD,1,14896.721400665969
NDAR_INVPHA422B4,2,0.0704654112125626
NDAR_INVPHUWEGK1,5,-2.6854188452379173
NDAR_INVPKD1XX0E,2,0.7016105051053236
NDAR_INVPKGZ9380,2,-2.5024981541340203
NDAR_INVPKK4CED4,2,2.3039988233634707
NDAR_INVPP8UKJXY,1,-1.5933082661427338
NDAR_INVPPGVEPWW,1,-1.3392664451803251
NDAR_INVPR6CBWP9,5,-3.3357541551646746
NDAR_INVPRNEYMH1,1,-1612.7714216805566
NDAR_INVPUEXNZJU,5,-1.3983176636091088
NDAR_INVPUKB7WJ3,2,1971.6890783599163
NDAR_INVPUTKYX3K,1,0.24884486584203
NDAR_INVPW5RU88H,5,-1.7289623570154837
NDAR_INVPWWHBBJV,5,-1.1992872651237847
NDAR_INVPX3YX562,2,-1.2174918893575764
NDAR_INVPY65JUM8,5,-2.21277681307284
NDAR_INVPYMGFXEW,1,2.1611337080269015
NDAR_INVPZUFXXY1,1,-5.099577350233431
NDAR_INVR17JHZRJ,5,-2.452159203559334
NDAR_INVR20CKWHP,2,0.45283432418569586
NDAR_INVR268FVXE,1,-1.8588523702616888
NDAR_INVR27YCM3P,2,-1.7118799266488085
NDAR_INVR3G28E6R,1,1.451417862822312
NDAR_INVR5KUTX3Y,5,-3.1290136165625273
NDAR_INVR64BGK81,5,-175.85445641142212
NDAR_INVR69CJC9E,2,-0.7133553170445144
NDAR_INVR6HHHKR9,1,-3.230938656958123
NDAR_INVR7HEU5W3,3,15127.2154694641
NDAR_INVR8EDKZ2W,1,-0.029429141063765926
NDAR_INVR9LMGEVE,5,-1.831243207759184
NDAR_INVRAC0NR51,1,-3.198342128943647
NDAR_INVRC3GEEEJ,1,-11902.196484930208
NDAR_INVRDMA0DZT,1,2.6117507393017365
NDAR_INVRE21D0R9,5,-2.4548352749591023
NDAR_INVRE48TR17,2,-0.2810568858766973
NDAR_INVRFV3V3DV,2,-0.5576008134314216
NDAR_INVRGF2CX0R,1,-2.173160325348537
NDAR_INVRGR9NG5T,2,-0.6666702102128035
NDAR_INVRKNCRLDD,1,-0.6895636560445316
NDAR_INVRNEHTMV4,1,-1.9109428559458397
NDAR_INVRP0XB0ZR,2,-1.5953130615185014
NDAR_INVRRFZW203,5,-1.8069656846236466
NDAR_INVRVE4739E,1,1825.3746635580828
NDAR_INVRXEE3K3Y,1,3.054951214555954
NDAR_INVRYB7W7HP,5,835.098488734568
NDAR_INVT0JW7H6Z,5,-3.400383163498847
NDAR_INVT15ZEHBH,2,-0.3959700827634241
NDAR_INVT2JT596H,5,2782.587741408401
NDAR_INVT48MJ3F9,1,3032.934785927773
NDAR_INVT8JB3RWP,5,-2.277579230746697
NDAR_INVT90P7NTW,5,-2.2333503011438443
NDAR_INVT9F6AYDG,5,-2.453876906340601
NDAR_INVTA7NT65Z,5,-2.341846234241481
NDAR_INVTADXZB2Y,1,1.5156673115299408
NDAR_INVTDCYY0EZ,4,51.977336982322115
NDAR_INVTDJD7JZ2,1,-10167.374046404475
NDAR_INVTDY8YE3L,1,3786.319606999206
NDAR_INVTFUHVAVZ,1,-5531.819393217253
NDAR_INVTH3T33V5,1,-2.1896948351093686
NDAR_INVTHGB9701,2,8516.601477802158
NDAR_INVTJ3UDA2V,3,-1.9783854288461347
NDAR_INVTJJXH8K7,5,-1.4809907971983653
NDAR_INVTKEBT1ZB,1,-2.4272605720218317
NDAR_INVTL72NEA6,1,1.389264373563327
NDAR_INVTM88BLXR,2,0.9618417007477689
NDAR_INVTMVWP642,2,1.6502772365239458
NDAR_INVTNGA8MPC,1,0.5916233794932819
NDAR_INVTNVU9DYV,5,-2.0875776344577894
NDAR_INVTPXZDTAT,5,-2.800673208986358
NDAR_INVTVGMJRN9,3,-2.9765393259227024
NDAR_INVTY9UFVZW,5,-2.608185700946954
NDAR_INVTZ0RTCNR,1,1.619945670225447
NDAR_INVU102M8W0,1,51.51783038438841
NDAR_INVU15L4UHW,1,0.6416180491687471
NDAR_INVU21V8XDT,5,36571.69850812279
NDAR_INVU2BFUB9N,5,-0.47751990531213884
NDAR_INVU2MZM32T,3,-1.7063356305291564
NDAR_INVU38RU1KR,2,-0.9387701761027637
NDAR_INVU3CF21GV,3,2004.222380597058
NDAR_INVU3ZRYH6G,1,-4.239595391222667
NDAR_INVU5V3JUB4,1,-0.1609655892925869
NDAR_INVU67FAKAG,5,-0.03785604716092537
NDAR_INVU8VT1VB7,2,-0.5676571222812492
NDAR_INVUB6FN6XG,1,0.8993620726694337
NDAR_INVUB6JP787,1,-0.5873754197381077
NDAR_INVUDBJ9V2N,5,-3526.510141973973
NDAR_INVUE1M64BU,1,-0.43516758297646563
NDAR_INVUGNK7ZYA,1,1.316411517479297
NDAR_INVUGP7XGXD,5,-2.8226820349318538
NDAR_INVUH77PVBN,5,-1.505431928518731
NDAR_INVUHT34WP1,1,-4456.989340034732
NDAR_INVUHXC5TRD,1,4976.158175935614
NDAR_INVUJB5DEX0,2,-1.2326267251321146
NDAR_INVUK2F9WW4,2,-1.8188905449083155
NDAR_INVURUR52NZ,2,16453.04320686806
NDAR_INVURZU1N9V,2,-0.03803874689177602
NDAR_INVUTJX1PYG,5,-0.6198131996229238
NDAR_INVUU2N14ZU,1,-12185.324847940698
NDAR_INVUULNDK83,2,-3.4603130030806937
NDAR_INVUV48BM08,5,-2.7388697759336313
NDAR_INVUW2RRYUA,2,45005.11571163632
NDAR_INVUWRM3PWZ,2,4683.638884811126
NDAR_INVUWTWYGD1,1,0.4296596524437444
NDAR_INVUXTPV7WH,5,-2.9910237723423565
NDAR_INVUYAENUJR,5,-2.5790493530268015
NDAR_INVUZY9W14J,5,1123.9423816026851
NDAR_INVV05P2AW1,3,-3.7569543115699764
NDAR_INVV0BMK3B8,1,-1.5688646827030777
NDAR_INVV0ZY5YPC,2,-1.5126711851458843
NDAR_INVV1W73MWR,1,-1.426294089061377
NDAR_INVV2HGDTGK,2,-1.445553253134392
NDAR_INVV30162D6,2,-10907.040230843024
NDAR_INVV36RW8GC,2,-1.3105545362172053
NDAR_INVV394F6F7,2,-0.42205842449646325
NDAR_INVV44RDE6R,2,-91064.03596705543
NDAR_INVV4KUL4N2,1,2863.258863721896
NDAR_INVV4Y9RJA1,1,-4.056886938169956
NDAR_INVV5X50ZMM,2,-2.1087353635839734
NDAR_INVVBM9M2WA,3,64846.2546485541
NDAR_INVVEFD0RED,2,-1.4279871190701696
NDAR_INVVFMTWZYL,1,-2307.590400125834
NDAR_INVVGEWB754,1,389.10020973812624
NDAR_INVVGLF61WZ,5,-2.487746744132388
NDAR_INVVHKDUKTN,2,-0.9306907215934938
NDAR_INVVJPMKNCY,1,-0.5578810243500341
NDAR_INVVKA2ACZA,1,-2.256297520972868
NDAR_INVVL55M66Z,1,-59087.82265917402
NDAR_INVVPL7432C,4,-36.1833967076773
NDAR_INVVR5BRZPY,2,-0.48567127345829314
NDAR_INVVRZT93M0,5,-3.6920847651396245
NDAR_INVVTV39VRA,1,-1.0785951805769465
NDAR_INVVV4L00MU,2,-1.5751449023166575
NDAR_INVVZPWCZ82,1,50281.48493871261
NDAR_INVW03T0R3Y,5,-12232.513215917974
NDAR_INVW32VXLH4,5,-10596.216136877229
NDAR_INVW51P7H05,1,8333.324921962181
NDAR_INVW5JAWZYH,5,-50375.953907474985
NDAR_INVW8HHGURF,5,-2.0507838081338154
NDAR_INVWBGB46VZ,1,0.5751034527575551
NDAR_INVWBPRXX2G,5,-2.3314036634981035
NDAR_INVWCV58UKD,1,1.2982509645613927
NDAR_INVWE96D8HC,5,167.75882917718812
NDAR_INVWECA1JN4,5,0.23302230372320626
NDAR_INVWF7C1DEL,1,0.4160796658060773
NDAR_INVWFHFCJHH,5,-3.4179748349113046
NDAR_INVWFN7K4C5,5,-3660.9691709055724
NDAR_INVWH7LABN8,5,-2.9118388603571312
NDAR_INVWKC5ATFL,2,-0.48733534955765384
NDAR_INVWLX2MF41,5,-2.6541582512522
NDAR_INVWM4B6L05,5,-2.5068058023995583
NDAR_INVWNBZJPCU,2,0.2345846653590846
NDAR_INVWNGRHP6V,1,-0.04878687158877999
NDAR_INVWNTYPRLM,5,-1.581769704738152
NDAR_INVWPVF0L7H,2,-1.36242685684435
NDAR_INVWTBPTVCP,2,-1.5710319878869958
NDAR_INVWU4PVYX1,1,-1.6208429888295266
NDAR_INVWVA9UY95,1,-0.18015023573190553
NDAR_INVWVE3Y12H,3,-4.613576666892972
NDAR_INVWVW0NNAD,2,0.9555544528407708
NDAR_INVWWMFVX5N,1,-0.18229466566384298
NDAR_INVWX5PDY2A,1,-675.5924501970808
NDAR_INVWXGW2FKF,1,-26043.995868438302
NDAR_INVWY6VZCVE,1,18571.098090487234
NDAR_INVWYBN7PAN,2,-650.7347891897456
NDAR_INVWZCU0W26,2,81341.17209582386
NDAR_INVX13WCXZ5,1,-1.6566939225066717
NDAR_INVX14G2VCP,5,-2.2090155384998287
NDAR_INVX329JYUJ,1,10763.52579525785
NDAR_INVX3ET5EK4,1,795156.6084917083
NDAR_INVX3ZLE0DN,2,-10172.902373248015
NDAR_INVX46YGYN7,1,7821.5634305694975
NDAR_INVX4GVLBGY,1,-10261.347139984491
NDAR_INVX4TMH9ZH,1,0.5788109015069648
NDAR_INVX51UNV1G,1,-364.98051887904364
NDAR_INVX5L1CX2N,3,-0.6284771484366183
NDAR_INVX5LEY4DR,1,-3.20485600579451
NDAR_INVX72XX9JP,1,8936.884062335466
NDAR_INVX9DY5693,5,-3.2785023757931455
NDAR_INVX9N847R2,5,-3.1795847926327854
NDAR_INVXAF2R3YX,2,44433.680816319684
NDAR_INVXARP4RCG,2,2.36942407287041
NDAR_INVXDAPNHPM,5,-2.373660933592037
NDAR_INVXDVDZNFB,2,-0.2495297755943839
NDAR_INVXFY5F1AC,5,-3.077729844669056
NDAR_INVXGK0BB15,5,-2.697259374820311
NDAR_INVXJ93E5N3,1,-0.08391300619647549
NDAR_INVXKKY9HK5,2,-18957.77394659215
NDAR_INVXKM6GP8D,2,1.3470103002814122
NDAR_INVXMDFPX4L,5,-1.3451187109108231
NDAR_INVXNJ0GBYC,5,-2.272659355107271
NDAR_INVXP6LNZEZ,1,0.09660847968283583
NDAR_INVXP75417U,1,-0.7741994181150813
NDAR_INVXPZ66T25,5,-2.1974848686856254
NDAR_INVXR9J4J3Y,1,21957.87376707454
NDAR_INVXTRHH68Z,1,-0.5897135817389582
NDAR_INVXTX68JRW,1,0.2915780315009815
NDAR_INVXU10E0J7,1,-0.26600634821394825
NDAR_INVXUPMEDT7,5,21040.00250728128
NDAR_INVXXMY9WD8,2,-64.74484588624532
NDAR_INVXXZTK34K,5,-3.707473702066081
NDAR_INVXYBXW9GB,1,6814.3341612768345
NDAR_INVXZKP1VEC,5,-2.874153015614613
NDAR_INVXZYM6JMK,1,-827.4055745548682
NDAR_INVY04AT16M,5,-1.2915042098244962
NDAR_INVY1D0KCY0,5,-50.045446965956124
NDAR_INVY3LBB0K3,2,0.0041960764122211825
NDAR_INVY41681B5,2,0.566574527800876
NDAR_INVY4P0CAVP,2,-0.9766444065299367
NDAR_INVY5AB6YNB,1,-0.03675163911075182
NDAR_INVY609D78A,1,1.3024685776096951
NDAR_INVY6BNA3UK,2,-7.155812787854326
NDAR_INVY6LMAW7B,2,-1.3913580547181634
NDAR_INVY84KMFCU,5,-1113.4837984453425
NDAR_INVY88NVGHP,5,-2.3191698933973526
NDAR_INVYBC941EU,2,-0.6196385539504004
NDAR_INVYCRTDT3X,2,-5820.218860042749
NDAR_INVYD28H9BD,5,-45274.31972518249
NDAR_INVYEKE87PV,5,-28018.956184049475
NDAR_INVYGMBFN9H,1,-28001.645316569484
NDAR_INVYHC8PGG9,2,-1.0661026903174837
NDAR_INVYJN69PPX,3,-5.028720844963791
NDAR_INVYLC0XGH4,5,-4.990563292908246
NDAR_INVYR1LYX8E,5,-3.1545945329509637
NDAR_INVYTJ92RU3,5,-6161.980582915954
NDAR_INVYTKHPZDU,2,-4597.7925882604695
NDAR_INVYU25EC7F,2,-1393.6595328037208
NDAR_INVYUKDPT70,5,-62.59020716062713
NDAR_INVYY9NRYW2,5,-1.3524040531551025
NDAR_INVYZJRWG4A,1,-67148.86827468347
NDAR_INVZ04GJXZA,1,-4884.48085426558
NDAR_INVZ0MP06TT,1,1222.4542798808372
NDAR_INVZ0MXU52L,2,-136326.68506290807
NDAR_INVZ2E8YJN2,1,1.4639436413177713
NDAR_INVZ2REMPTW,1,-3.03926715425177
NDAR_INVZ4NNCTMH,2,1.5907024099484164
NDAR_INVZ658LRCT,1,1.1068146483811598
NDAR_INVZ76CGDX4,2,-0.45754117164676233
NDAR_INVZ9DDWGHW,2,-1.1933610708544247
NDAR_INVZBC07FC4,1,1.9941978967456855
NDAR_INVZDM6F0BD,3,-2.4311385207057064
NDAR_INVZF3VJWAN,1,0.8993491592703265
NDAR_INVZFGRP1V9,2,1.8146075294884922
NDAR_INVZFGXB7E3,5,-2240.016412231776
NDAR_INVZHCK39Y1,1,2.3687453266913066
NDAR_INVZJ1WJ57J,1,-0.6085919919220585
NDAR_INVZJ7AEU7T,2,0.2992148030078607
NDAR_INVZLD0PANU,2,-5000.929498106433
NDAR_INVZLL8B2MA,2,-0.8564840999214866
NDAR_INVZM7EZFZF,5,-4876.470008766426
NDAR_INVZT1J0KUC,1,-0.600042827017315
NDAR_INVZTN5R70A,1,-4.065640892904697
NDAR_INVZU6F3PY8,2,11981.85908273413
NDAR_INVZVGAMFG7,1,0.8366419224105721
NDAR_INVZWP490TG,5,-2.4921060561902295
NDAR_INVZZJ3A7BK,3,-1892.5855765033427
