draw,iter,K,sizes
1,1,1,4567
2,2,3,1 1 4565
3,3,4,2 2 4 4559
4,4,4,1 1 24 4541
5,5,5,1 2 5 66 4493
6,6,8,1 1 1 1 4 5 313 4241
7,7,5,1 4 6 1422 3134
8,8,5,2 5 6 2089 2465
9,9,5,1 1 4 1988 2573
10,10,2,1992 2575
11,11,2,1992 2575
12,12,2,1992 2575
13,13,2,1992 2575
14,14,3,1 1991 2575
15,15,2,1992 2575
16,16,2,1992 2575
17,17,2,1992 2575
18,18,2,1992 2575
19,19,2,1992 2575
20,20,2,1992 2575
21,21,2,1992 2575
22,22,2,1992 2575
23,23,2,1992 2575
24,24,2,1992 2575
25,25,2,1992 2575
26,26,2,1992 2575
27,27,2,1992 2575
28,28,2,1992 2575
29,29,2,1992 2575
30,30,2,1992 2575
31,31,2,1992 2575
32,32,2,1992 2575
33,33,2,1992 2575
34,34,2,1992 2575
35,35,2,1992 2575
36,36,2,1992 2575
37,37,3,1 1992 2574
38,38,2,1992 2575
39,39,2,1992 2575
40,40,2,1992 2575
41,41,2,1992 2575
42,42,2,1992 2575
43,43,2,1992 2575
44,44,3,1 1992 2574
45,45,2,1992 2575
46,46,2,1992 2575
47,47,2,1992 2575
48,48,3,1 1992 2574
49,49,2,1992 2575
50,50,2,1992 2575
51,51,2,1992 2575
52,52,3,1 1992 2574
53,53,2,1992 2575
54,54,2,1992 2575
55,55,2,1992 2575
56,56,2,1992 2575
57,57,2,1992 2575
58,58,2,1992 2575
59,59,2,1992 2575
60,60,2,1992 2575
61,61,2,1992 2575
62,62,2,1992 2575
63,63,2,1992 2575
64,64,3,1 1992 2574
65,65,3,2 1992 2573
66,66,2,1992 2575
67,67,2,1992 2575
68,68,2,1992 2575
69,69,2,1992 2575
70,70,2,1992 2575
71,71,2,1992 2575
72,72,2,1992 2575
73,73,2,1992 2575
74,74,2,1992 2575
75,75,2,1992 2575
76,76,2,1992 2575
77,77,2,1992 2575
78,78,2,1992 2575
79,79,2,1992 2575
80,80,2,1992 2575
81,81,2,1992 2575
82,82,2,1992 2575
83,83,2,1992 2575
84,84,2,1992 2575
85,85,2,1992 2575
86,86,2,1992 2575
87,87,2,1992 2575
88,88,2,1992 2575
89,89,2,1992 2575
90,90,2,1992 2575
91,91,2,1992 2575
92,92,2,1992 2575
93,93,2,1992 2575
94,94,2,1992 2575
95,95,2,1992 2575
96,96,2,1992 2575
97,97,2,1992 2575
98,98,2,1992 2575
99,99,2,1992 2575
100,100,2,1992 2575
101,101,2,1992 2575
102,102,2,1992 2575
103,103,3,2 1992 2573
104,104,2,1992 2575
105,105,2,1992 2575
106,106,2,1992 2575
107,107,2,1992 2575
108,108,2,1992 2575
109,109,2,1992 2575
110,110,2,1992 2575
111,111,2,1992 2575
112,112,3,1 1992 2574
113,113,2,1992 2575
114,114,2,1992 2575
115,115,2,1992 2575
116,116,2,1992 2575
117,117,2,1992 2575
118,118,3,1 1992 2574
119,119,2,1992 2575
120,120,2,1992 2575
121,121,2,1992 2575
122,122,2,1992 2575
123,123,2,1992 2575
124,124,2,1992 2575
125,125,2,1992 2575
126,126,2,1992 2575
127,127,2,1992 2575
128,128,2,1992 2575
129,129,2,1992 2575
130,130,2,1992 2575
131,131,2,1992 2575
132,132,2,1992 2575
133,133,2,1992 2575
134,134,2,1992 2575
135,135,2,1992 2575
136,136,2,1992 2575
137,137,2,1992 2575
138,138,2,1992 2575
139,139,3,1 1992 2574
140,140,3,1 1992 2574
141,141,2,1992 2575
142,142,2,1992 2575
143,143,2,1992 2575
144,144,2,1992 2575
145,145,2,1992 2575
146,146,2,1992 2575
147,147,2,1992 2575
148,148,2,1992 2575
149,149,2,1992 2575
150,150,2,1992 2575
151,151,2,1992 2575
152,152,2,1992 2575
153,153,2,1992 2575
154,154,2,1992 2575
155,155,2,1992 2575
156,156,2,1992 2575
157,157,2,1992 2575
158,158,2,1992 2575
159,159,2,1992 2575
160,160,2,1992 2575
161,161,2,1992 2575
162,162,3,1 1992 2574
163,163,2,1992 2575
164,164,3,1 1992 2574
165,165,2,1992 2575
166,166,2,1992 2575
167,167,2,1992 2575
168,168,2,1992 2575
169,169,2,1992 2575
170,170,2,1992 2575
171,171,2,1992 2575
172,172,2,1992 2575
173,173,2,1992 2575
174,174,2,1992 2575
175,175,2,1992 2575
176,176,2,1992 2575
177,177,3,1 1992 2574
178,178,2,1992 2575
179,179,2,1992 2575
180,180,2,1992 2575
181,181,3,1 1991 2575
182,182,2,1992 2575
183,183,2,1992 2575
184,184,2,1992 2575
185,185,2,1992 2575
186,186,2,1992 2575
187,187,2,1992 2575
188,188,2,1992 2575
189,189,2,1992 2575
190,190,2,1992 2575
191,191,2,1992 2575
192,192,2,1992 2575
193,193,2,1992 2575
194,194,2,1992 2575
195,195,2,1992 2575
196,196,2,1992 2575
197,197,2,1992 2575
198,198,2,1992 2575
199,199,2,1992 2575
200,200,2,1992 2575
201,201,2,1992 2575
202,202,2,1992 2575
203,203,3,1 1992 2574
204,204,2,1992 2575
205,205,2,1992 2575
206,206,2,1992 2575
207,207,2,1992 2575
208,208,2,1992 2575
209,209,2,1992 2575
210,210,2,1992 2575
211,211,2,1992 2575
212,212,2,1992 2575
213,213,2,1992 2575
214,214,2,1992 2575
215,215,2,1992 2575
216,216,2,1992 2575
217,217,2,1992 2575
218,218,2,1992 2575
219,219,2,1992 2575
220,220,2,1992 2575
221,221,2,1992 2575
222,222,2,1992 2575
223,223,2,1992 2575
224,224,2,1992 2575
225,225,2,1992 2575
226,226,2,1992 2575
227,227,2,1992 2575
228,228,3,1 1992 2574
229,229,2,1992 2575
230,230,2,1992 2575
231,231,2,1992 2575
232,232,3,1 1991 2575
233,233,2,1992 2575
234,234,2,1992 2575
235,235,2,1992 2575
236,236,2,1992 2575
237,237,2,1992 2575
238,238,2,1992 2575
239,239,2,1992 2575
240,240,2,1992 2575
241,241,2,1992 2575
242,242,2,1992 2575
243,243,2,1992 2575
244,244,2,1992 2575
245,245,2,1992 2575
246,246,2,1992 2575
247,247,2,1992 2575
248,248,2,1992 2575
249,249,4,1 1 1992 2573
250,250,2,1992 2575
251,251,2,1992 2575
252,252,2,1992 2575
253,253,2,1992 2575
254,254,2,1992 2575
255,255,2,1992 2575
256,256,2,1992 2575
257,257,2,1992 2575
258,258,2,1992 2575
259,259,2,1992 2575
260,260,2,1992 2575
261,261,2,1992 2575
262,262,2,1992 2575
263,263,3,1 1992 2574
264,264,2,1992 2575
265,265,2,1992 2575
266,266,2,1992 2575
267,267,2,1992 2575
268,268,2,1992 2575
269,269,2,1992 2575
270,270,2,1992 2575
271,271,3,1 1992 2574
272,272,2,1992 2575
273,273,3,1 1991 2575
274,274,2,1992 2575
275,275,2,1992 2575
276,276,2,1992 2575
277,277,2,1992 2575
278,278,2,1992 2575
279,279,2,1992 2575
280,280,2,1992 2575
281,281,2,1992 2575
282,282,2,1992 2575
283,283,2,1992 2575
284,284,2,1992 2575
285,285,2,1992 2575
286,286,2,1992 2575
287,287,3,1 1992 2574
288,288,2,1992 2575
289,289,3,1 1992 2574
290,290,3,1 1992 2574
291,291,2,1992 2575
292,292,2,1992 2575
293,293,2,1992 2575
294,294,2,1992 2575
295,295,2,1992 2575
296,296,2,1992 2575
297,297,2,1992 2575
298,298,2,1992 2575
299,299,3,1 1992 2574
300,300,2,1992 2575
301,301,2,1992 2575
302,302,2,1992 2575
303,303,2,1992 2575
304,304,2,1992 2575
305,305,2,1992 2575
306,306,3,1 1992 2574
307,307,2,1992 2575
308,308,2,1992 2575
309,309,2,1992 2575
310,310,2,1992 2575
311,311,2,1992 2575
312,312,2,1992 2575
313,313,2,1992 2575
314,314,2,1992 2575
315,315,2,1992 2575
316,316,2,1992 2575
317,317,2,1992 2575
318,318,2,1992 2575
319,319,2,1992 2575
320,320,2,1992 2575
321,321,2,1992 2575
322,322,2,1992 2575
323,323,2,1992 2575
324,324,2,1992 2575
325,325,2,1992 2575
326,326,2,1992 2575
327,327,2,1992 2575
328,328,2,1992 2575
329,329,3,1 1992 2574
330,330,2,1992 2575
331,331,3,1 1992 2574
332,332,2,1992 2575
333,333,2,1992 2575
334,334,2,1992 2575
335,335,2,1992 2575
336,336,2,1992 2575
337,337,2,1992 2575
338,338,2,1992 2575
339,339,2,1992 2575
340,340,2,1992 2575
341,341,2,1992 2575
342,342,2,1992 2575
343,343,2,1992 2575
344,344,2,1992 2575
345,345,2,1992 2575
346,346,2,1992 2575
347,347,2,1992 2575
348,348,2,1992 2575
349,349,2,1992 2575
350,350,2,1992 2575
351,351,2,1992 2575
352,352,2,1992 2575
353,353,3,1 1992 2574
354,354,2,1992 2575
355,355,2,1992 2575
356,356,2,1992 2575
357,357,2,1992 2575
358,358,2,1992 2575
359,359,2,1992 2575
360,360,2,1992 2575
361,361,2,1992 2575
362,362,2,1992 2575
363,363,2,1992 2575
364,364,2,1992 2575
365,365,2,1992 2575
366,366,2,1992 2575
367,367,2,1992 2575
368,368,2,1992 2575
369,369,2,1992 2575
370,370,2,1992 2575
371,371,2,1992 2575
372,372,2,1992 2575
373,373,2,1992 2575
374,374,2,1992 2575
375,375,2,1992 2575
376,376,2,1992 2575
377,377,2,1992 2575
378,378,2,1992 2575
379,379,2,1992 2575
380,380,2,1992 2575
381,381,2,1992 2575
382,382,2,1992 2575
383,383,2,1992 2575
384,384,2,1992 2575
385,385,3,1 1992 2574
386,386,2,1992 2575
387,387,2,1992 2575
388,388,2,1992 2575
389,389,2,1992 2575
390,390,2,1992 2575
391,391,2,1992 2575
392,392,2,1992 2575
393,393,2,1992 2575
394,394,2,1992 2575
395,395,2,1992 2575
396,396,2,1992 2575
397,397,2,1992 2575
398,398,2,1992 2575
399,399,2,1992 2575
400,400,2,1992 2575
401,401,2,1992 2575
402,402,2,1992 2575
403,403,2,1992 2575
404,404,3,1 1992 2574
405,405,2,1992 2575
406,406,2,1992 2575
407,407,2,1992 2575
408,408,2,1992 2575
409,409,2,1992 2575
410,410,2,1992 2575
411,411,2,1992 2575
412,412,3,1 1991 2575
413,413,2,1992 2575
414,414,2,1992 2575
415,415,2,1992 2575
416,416,2,1992 2575
417,417,2,1992 2575
418,418,2,1992 2575
419,419,2,1992 2575
420,420,2,1992 2575
421,421,2,1992 2575
422,422,2,1992 2575
423,423,2,1992 2575
424,424,2,1992 2575
425,425,2,1992 2575
426,426,2,1992 2575
427,427,2,1992 2575
428,428,2,1992 2575
429,429,2,1992 2575
430,430,3,1 1992 2574
431,431,3,1 1992 2574
432,432,2,1992 2575
433,433,2,1992 2575
434,434,2,1992 2575
435,435,2,1992 2575
436,436,2,1992 2575
437,437,2,1992 2575
438,438,2,1992 2575
439,439,2,1992 2575
440,440,2,1992 2575
441,441,2,1992 2575
442,442,2,1992 2575
443,443,2,1992 2575
444,444,3,1 1992 2574
445,445,2,1992 2575
446,446,2,1992 2575
447,447,2,1992 2575
448,448,2,1992 2575
449,449,2,1992 2575
450,450,2,1992 2575
451,451,2,1992 2575
452,452,2,1992 2575
453,453,2,1992 2575
454,454,2,1992 2575
455,455,2,1992 2575
456,456,2,1992 2575
457,457,2,1992 2575
458,458,2,1992 2575
459,459,2,1992 2575
460,460,2,1992 2575
461,461,2,1992 2575
462,462,3,1 1992 2574
463,463,2,1992 2575
464,464,2,1992 2575
465,465,2,1992 2575
466,466,2,1992 2575
467,467,2,1992 2575
468,468,2,1992 2575
469,469,2,1992 2575
470,470,2,1992 2575
471,471,2,1992 2575
472,472,2,1992 2575
473,473,2,1992 2575
474,474,2,1992 2575
475,475,2,1992 2575
476,476,2,1992 2575
477,477,2,1992 2575
478,478,2,1992 2575
479,479,2,1992 2575
480,480,2,1992 2575
481,481,2,1992 2575
482,482,2,1992 2575
483,483,2,1992 2575
484,484,2,1992 2575
485,485,3,1 1992 2574
486,486,2,1992 2575
487,487,2,1992 2575
488,488,2,1992 2575
489,489,2,1992 2575
490,490,2,1992 2575
491,491,2,1992 2575
492,492,2,1992 2575
493,493,2,1992 2575
494,494,2,1992 2575
495,495,2,1992 2575
496,496,2,1992 2575
497,497,2,1992 2575
498,498,2,1992 2575
499,499,2,1992 2575
500,500,2,1992 2575
501,501,3,1 1992 2574
502,502,3,1 1992 2574
503,503,2,1992 2575
504,504,3,1 1992 2574
505,505,2,1992 2575
506,506,2,1992 2575
507,507,3,1 1992 2574
508,508,3,1 1992 2574
509,509,2,1992 2575
510,510,2,1992 2575
511,511,2,1992 2575
512,512,2,1992 2575
513,513,2,1992 2575
514,514,2,1992 2575
515,515,2,1992 2575
516,516,2,1992 2575
517,517,2,1992 2575
518,518,2,1992 2575
519,519,2,1992 2575
520,520,2,1992 2575
521,521,2,1992 2575
522,522,2,1992 2575
523,523,2,1992 2575
524,524,2,1992 2575
525,525,2,1992 2575
526,526,2,1992 2575
527,527,2,1992 2575
528,528,2,1992 2575
529,529,2,1992 2575
530,530,2,1992 2575
531,531,2,1992 2575
532,532,2,1992 2575
533,533,2,1992 2575
534,534,2,1992 2575
535,535,2,1992 2575
536,536,2,1992 2575
537,537,2,1992 2575
538,538,2,1992 2575
539,539,2,1992 2575
540,540,2,1992 2575
541,541,2,1992 2575
542,542,2,1992 2575
543,543,2,1992 2575
544,544,2,1992 2575
545,545,2,1992 2575
546,546,2,1992 2575
547,547,2,1992 2575
548,548,2,1992 2575
549,549,2,1992 2575
550,550,2,1992 2575
551,551,2,1992 2575
552,552,2,1992 2575
553,553,2,1992 2575
554,554,2,1992 2575
555,555,2,1992 2575
556,556,2,1992 2575
557,557,3,1 1992 2574
558,558,2,1992 2575
559,559,2,1992 2575
560,560,2,1992 2575
561,561,2,1992 2575
562,562,2,1992 2575
563,563,2,1992 2575
564,564,2,1992 2575
565,565,3,1 1992 2574
566,566,2,1992 2575
567,567,2,1992 2575
568,568,2,1992 2575
569,569,2,1992 2575
570,570,2,1992 2575
571,571,2,1992 2575
572,572,2,1992 2575
573,573,2,1992 2575
574,574,2,1992 2575
575,575,2,1992 2575
576,576,2,1992 2575
577,577,2,1992 2575
578,578,2,1992 2575
579,579,2,1992 2575
580,580,3,1 1992 2574
581,581,2,1992 2575
582,582,2,1992 2575
583,583,2,1992 2575
584,584,2,1992 2575
585,585,3,1 1992 2574
586,586,2,1992 2575
587,587,2,1992 2575
588,588,2,1992 2575
589,589,2,1992 2575
590,590,2,1992 2575
591,591,2,1992 2575
592,592,2,1992 2575
593,593,2,1992 2575
594,594,2,1992 2575
595,595,2,1992 2575
596,596,2,1992 2575
597,597,4,1 1 1991 2574
598,598,2,1992 2575
599,599,2,1992 2575
600,600,2,1992 2575
601,601,2,1992 2575
602,602,2,1992 2575
603,603,2,1992 2575
604,604,2,1992 2575
605,605,2,1992 2575
606,606,2,1992 2575
607,607,2,1992 2575
608,608,2,1992 2575
609,609,2,1992 2575
610,610,3,1 1992 2574
611,611,2,1992 2575
612,612,3,1 1991 2575
613,613,3,2 1990 2575
614,614,2,1992 2575
615,615,2,1992 2575
616,616,2,1992 2575
617,617,2,1992 2575
618,618,2,1992 2575
619,619,2,1992 2575
620,620,2,1992 2575
621,621,2,1992 2575
622,622,3,1 1992 2574
623,623,2,1992 2575
624,624,2,1992 2575
625,625,2,1992 2575
626,626,2,1992 2575
627,627,2,1992 2575
628,628,2,1992 2575
629,629,2,1992 2575
630,630,3,1 1992 2574
631,631,2,1992 2575
632,632,2,1992 2575
633,633,2,1992 2575
634,634,2,1992 2575
635,635,2,1992 2575
636,636,2,1992 2575
637,637,2,1992 2575
638,638,2,1992 2575
639,639,2,1992 2575
640,640,2,1992 2575
641,641,2,1992 2575
642,642,2,1992 2575
643,643,2,1992 2575
644,644,2,1992 2575
645,645,2,1992 2575
646,646,2,1992 2575
647,647,2,1992 2575
648,648,2,1992 2575
649,649,2,1992 2575
650,650,2,1992 2575
651,651,2,1992 2575
652,652,2,1992 2575
653,653,2,1992 2575
654,654,2,1992 2575
655,655,2,1992 2575
656,656,2,1992 2575
657,657,2,1992 2575
658,658,2,1992 2575
659,659,2,1992 2575
660,660,2,1992 2575
661,661,2,1992 2575
662,662,3,1 1992 2574
663,663,2,1992 2575
664,664,3,1 1991 2575
665,665,3,1 1991 2575
666,666,2,1992 2575
667,667,2,1992 2575
668,668,2,1992 2575
669,669,2,1992 2575
670,670,2,1992 2575
671,671,3,1 1992 2574
672,672,3,1 1992 2574
673,673,2,1992 2575
674,674,2,1992 2575
675,675,2,1992 2575
676,676,2,1992 2575
677,677,2,1992 2575
678,678,2,1992 2575
679,679,2,1992 2575
680,680,2,1992 2575
681,681,2,1992 2575
682,682,2,1992 2575
683,683,2,1992 2575
684,684,2,1992 2575
685,685,3,1 1992 2574
686,686,2,1992 2575
687,687,3,1 1992 2574
688,688,2,1992 2575
689,689,2,1992 2575
690,690,2,1992 2575
691,691,2,1992 2575
692,692,2,1992 2575
693,693,2,1992 2575
694,694,2,1992 2575
695,695,2,1992 2575
696,696,2,1992 2575
697,697,2,1992 2575
698,698,2,1992 2575
699,699,2,1992 2575
700,700,2,1992 2575
701,701,2,1992 2575
702,702,2,1992 2575
703,703,2,1992 2575
704,704,2,1992 2575
705,705,2,1992 2575
706,706,2,1992 2575
707,707,2,1992 2575
708,708,3,1 1992 2574
709,709,2,1992 2575
710,710,2,1992 2575
711,711,2,1992 2575
712,712,2,1992 2575
713,713,3,1 1991 2575
714,714,2,1992 2575
715,715,2,1992 2575
716,716,3,1 1992 2574
717,717,2,1992 2575
718,718,2,1992 2575
719,719,2,1992 2575
720,720,2,1992 2575
721,721,3,1 1992 2574
722,722,3,2 1991 2574
723,723,2,1992 2575
724,724,2,1992 2575
725,725,2,1992 2575
726,726,3,1 1992 2574
727,727,2,1992 2575
728,728,2,1992 2575
729,729,2,1992 2575
730,730,2,1992 2575
731,731,2,1992 2575
732,732,2,1992 2575
733,733,2,1992 2575
734,734,2,1992 2575
735,735,2,1992 2575
736,736,2,1992 2575
737,737,2,1992 2575
738,738,2,1992 2575
739,739,2,1992 2575
740,740,2,1992 2575
741,741,2,1992 2575
742,742,2,1992 2575
743,743,2,1992 2575
744,744,3,1 1992 2574
745,745,2,1992 2575
746,746,2,1992 2575
747,747,2,1992 2575
748,748,2,1992 2575
749,749,2,1992 2575
750,750,2,1992 2575
751,751,2,1992 2575
752,752,2,1992 2575
753,753,2,1992 2575
754,754,3,1 1991 2575
755,755,3,1 1992 2574
756,756,2,1992 2575
757,757,2,1992 2575
758,758,2,1992 2575
759,759,2,1992 2575
760,760,2,1992 2575
761,761,2,1992 2575
762,762,2,1992 2575
763,763,2,1992 2575
764,764,2,1992 2575
765,765,2,1992 2575
766,766,2,1992 2575
767,767,2,1992 2575
768,768,2,1992 2575
769,769,2,1992 2575
770,770,2,1992 2575
771,771,2,1992 2575
772,772,2,1992 2575
773,773,2,1992 2575
774,774,2,1992 2575
775,775,2,1992 2575
776,776,3,1 1991 2575
777,777,2,1992 2575
778,778,2,1992 2575
779,779,2,1992 2575
780,780,2,1992 2575
781,781,2,1992 2575
782,782,2,1992 2575
783,783,2,1992 2575
784,784,2,1992 2575
785,785,2,1992 2575
786,786,2,1992 2575
787,787,2,1992 2575
788,788,3,1 1992 2574
789,789,2,1992 2575
790,790,2,1992 2575
791,791,2,1992 2575
792,792,2,1992 2575
793,793,2,1992 2575
794,794,2,1992 2575
795,795,2,1992 2575
796,796,2,1992 2575
797,797,2,1992 2575
798,798,2,1992 2575
799,799,2,1992 2575
800,800,2,1992 2575
801,801,2,1992 2575
802,802,2,1992 2575
803,803,2,1992 2575
804,804,2,1992 2575
805,805,2,1992 2575
806,806,2,1992 2575
807,807,2,1992 2575
808,808,2,1992 2575
809,809,2,1992 2575
810,810,2,1992 2575
811,811,2,1992 2575
812,812,2,1992 2575
813,813,2,1992 2575
814,814,2,1992 2575
815,815,3,1 1992 2574
816,816,2,1992 2575
817,817,3,1 1992 2574
818,818,2,1992 2575
819,819,2,1992 2575
820,820,2,1992 2575
821,821,3,1 1991 2575
822,822,2,1992 2575
823,823,2,1992 2575
824,824,3,1 1992 2574
825,825,3,1 1992 2574
826,826,2,1992 2575
827,827,2,1992 2575
828,828,2,1992 2575
829,829,2,1992 2575
830,830,2,1992 2575
831,831,3,1 1992 2574
832,832,3,2 1992 2573
833,833,3,1 1992 2574
834,834,2,1992 2575
835,835,2,1992 2575
836,836,2,1992 2575
837,837,2,1992 2575
838,838,2,1992 2575
839,839,2,1992 2575
840,840,2,1992 2575
841,841,2,1992 2575
842,842,2,1992 2575
843,843,2,1992 2575
844,844,3,1 1992 2574
845,845,2,1992 2575
846,846,2,1992 2575
847,847,2,1992 2575
848,848,2,1992 2575
849,849,2,1992 2575
850,850,2,1992 2575
851,851,2,1992 2575
852,852,2,1992 2575
853,853,2,1992 2575
854,854,2,1992 2575
855,855,2,1992 2575
856,856,2,1992 2575
857,857,2,1992 2575
858,858,2,1992 2575
859,859,2,1992 2575
860,860,2,1992 2575
861,861,2,1992 2575
862,862,2,1992 2575
863,863,2,1992 2575
864,864,2,1992 2575
865,865,2,1992 2575
866,866,2,1992 2575
867,867,2,1992 2575
868,868,2,1992 2575
869,869,2,1992 2575
870,870,2,1992 2575
871,871,2,1992 2575
872,872,2,1992 2575
873,873,2,1992 2575
874,874,2,1992 2575
875,875,2,1992 2575
876,876,2,1992 2575
877,877,2,1992 2575
878,878,2,1992 2575
879,879,2,1992 2575
880,880,2,1992 2575
881,881,2,1992 2575
882,882,2,1992 2575
883,883,2,1992 2575
884,884,3,1 1992 2574
885,885,2,1992 2575
886,886,2,1992 2575
887,887,2,1992 2575
888,888,2,1992 2575
889,889,2,1992 2575
890,890,2,1992 2575
891,891,2,1992 2575
892,892,2,1992 2575
893,893,2,1992 2575
894,894,2,1992 2575
895,895,2,1992 2575
896,896,2,1992 2575
897,897,2,1992 2575
898,898,2,1992 2575
899,899,2,1992 2575
900,900,2,1992 2575
901,901,2,1992 2575
902,902,2,1992 2575
903,903,2,1992 2575
904,904,2,1992 2575
905,905,2,1992 2575
906,906,2,1992 2575
907,907,2,1992 2575
908,908,2,1992 2575
909,909,2,1992 2575
910,910,2,1992 2575
911,911,2,1992 2575
912,912,3,2 1992 2573
913,913,2,1992 2575
914,914,2,1992 2575
915,915,2,1992 2575
916,916,2,1992 2575
917,917,2,1992 2575
918,918,2,1992 2575
919,919,2,1992 2575
920,920,2,1992 2575
921,921,2,1992 2575
922,922,2,1992 2575
923,923,2,1992 2575
924,924,2,1992 2575
925,925,2,1992 2575
926,926,2,1992 2575
927,927,2,1992 2575
928,928,2,1992 2575
929,929,2,1992 2575
930,930,2,1992 2575
931,931,2,1992 2575
932,932,2,1992 2575
933,933,2,1992 2575
934,934,2,1992 2575
935,935,2,1992 2575
936,936,2,1992 2575
937,937,2,1992 2575
938,938,2,1992 2575
939,939,2,1992 2575
940,940,2,1992 2575
941,941,2,1992 2575
942,942,2,1992 2575
943,943,2,1992 2575
944,944,2,1992 2575
945,945,2,1992 2575
946,946,2,1992 2575
947,947,2,1992 2575
948,948,2,1992 2575
949,949,2,1992 2575
950,950,2,1992 2575
951,951,2,1992 2575
952,952,2,1992 2575
953,953,2,1992 2575
954,954,2,1992 2575
955,955,3,1 1992 2574
956,956,2,1992 2575
957,957,2,1992 2575
958,958,2,1992 2575
959,959,3,1 1992 2574
960,960,2,1992 2575
961,961,2,1992 2575
962,962,2,1992 2575
963,963,2,1992 2575
964,964,2,1992 2575
965,965,2,1992 2575
966,966,2,1992 2575
967,967,2,1992 2575
968,968,2,1992 2575
969,969,2,1992 2575
970,970,2,1992 2575
971,971,2,1992 2575
972,972,2,1992 2575
973,973,3,1 1991 2575
974,974,3,1 1992 2574
975,975,2,1992 2575
976,976,2,1992 2575
977,977,2,1992 2575
978,978,2,1992 2575
979,979,2,1992 2575
980,980,2,1992 2575
981,981,2,1992 2575
982,982,2,1992 2575
983,983,2,1992 2575
984,984,2,1992 2575
985,985,2,1992 2575
986,986,2,1992 2575
987,987,2,1992 2575
988,988,2,1992 2575
989,989,2,1992 2575
990,990,2,1992 2575
991,991,3,1 1992 2574
992,992,3,1 1992 2574
993,993,2,1992 2575
994,994,2,1992 2575
995,995,2,1992 2575
996,996,2,1992 2575
997,997,2,1992 2575
998,998,2,1992 2575
999,999,2,1992 2575
1000,1000,2,1992 2575
1001,1001,3,1 1992 2574
1002,1002,2,1992 2575
1003,1003,2,1992 2575
1004,1004,2,1992 2575
1005,1005,3,1 1991 2575
1006,1006,2,1992 2575
1007,1007,2,1992 2575
1008,1008,2,1992 2575
1009,1009,2,1992 2575
1010,1010,2,1992 2575
1011,1011,2,1992 2575
1012,1012,2,1992 2575
1013,1013,2,1992 2575
1014,1014,3,1 1991 2575
1015,1015,2,1992 2575
1016,1016,2,1992 2575
1017,1017,2,1992 2575
1018,1018,2,1992 2575
1019,1019,2,1992 2575
1020,1020,2,1992 2575
1021,1021,2,1992 2575
1022,1022,2,1992 2575
1023,1023,2,1992 2575
1024,1024,2,1992 2575
1025,1025,2,1992 2575
1026,1026,2,1992 2575
1027,1027,2,1992 2575
1028,1028,2,1992 2575
1029,1029,2,1992 2575
1030,1030,2,1992 2575
1031,1031,2,1992 2575
1032,1032,2,1992 2575
1033,1033,3,1 1992 2574
1034,1034,2,1992 2575
1035,1035,2,1992 2575
1036,1036,2,1992 2575
1037,1037,3,1 1992 2574
1038,1038,2,1992 2575
1039,1039,2,1992 2575
1040,1040,2,1992 2575
1041,1041,2,1992 2575
1042,1042,3,1 1991 2575
1043,1043,2,1992 2575
1044,1044,2,1992 2575
1045,1045,3,1 1992 2574
1046,1046,2,1992 2575
1047,1047,2,1992 2575
1048,1048,2,1992 2575
1049,1049,2,1992 2575
1050,1050,2,1992 2575
1051,1051,2,1992 2575
1052,1052,2,1992 2575
1053,1053,2,1992 2575
1054,1054,2,1992 2575
1055,1055,2,1992 2575
1056,1056,2,1992 2575
1057,1057,2,1992 2575
1058,1058,2,1992 2575
1059,1059,2,1992 2575
1060,1060,2,1992 2575
1061,1061,2,1992 2575
1062,1062,2,1992 2575
1063,1063,2,1992 2575
1064,1064,2,1992 2575
1065,1065,2,1992 2575
1066,1066,2,1992 2575
1067,1067,2,1992 2575
1068,1068,2,1992 2575
1069,1069,2,1992 2575
1070,1070,2,1992 2575
1071,1071,2,1992 2575
1072,1072,2,1992 2575
1073,1073,3,1 1992 2574
1074,1074,2,1992 2575
1075,1075,2,1992 2575
1076,1076,2,1992 2575
1077,1077,2,1992 2575
1078,1078,3,1 1991 2575
1079,1079,2,1992 2575
1080,1080,2,1992 2575
1081,1081,2,1992 2575
1082,1082,2,1992 2575
1083,1083,2,1992 2575
1084,1084,2,1992 2575
1085,1085,3,1 1992 2574
1086,1086,2,1992 2575
1087,1087,2,1992 2575
1088,1088,2,1992 2575
1089,1089,2,1992 2575
1090,1090,2,1992 2575
1091,1091,3,1 1992 2574
1092,1092,3,1 1991 2575
1093,1093,2,1992 2575
1094,1094,2,1992 2575
1095,1095,2,1992 2575
1096,1096,2,1992 2575
1097,1097,2,1992 2575
1098,1098,2,1992 2575
1099,1099,2,1992 2575
1100,1100,2,1992 2575
1101,1101,2,1992 2575
1102,1102,2,1992 2575
1103,1103,2,1992 2575
1104,1104,2,1992 2575
1105,1105,2,1992 2575
1106,1106,2,1992 2575
1107,1107,2,1992 2575
1108,1108,2,1992 2575
1109,1109,2,1992 2575
1110,1110,2,1992 2575
1111,1111,2,1992 2575
1112,1112,2,1992 2575
1113,1113,2,1992 2575
1114,1114,2,1992 2575
1115,1115,2,1992 2575
1116,1116,2,1992 2575
1117,1117,2,1992 2575
1118,1118,2,1992 2575
1119,1119,2,1992 2575
1120,1120,2,1992 2575
1121,1121,3,1 1992 2574
1122,1122,3,1 1992 2574
1123,1123,2,1992 2575
1124,1124,2,1992 2575
1125,1125,2,1992 2575
1126,1126,2,1992 2575
1127,1127,2,1992 2575
1128,1128,2,1992 2575
1129,1129,2,1992 2575
1130,1130,2,1992 2575
1131,1131,2,1992 2575
1132,1132,2,1992 2575
1133,1133,2,1992 2575
1134,1134,2,1992 2575
1135,1135,2,1992 2575
1136,1136,2,1992 2575
1137,1137,2,1992 2575
1138,1138,2,1992 2575
1139,1139,3,1 1991 2575
1140,1140,2,1992 2575
1141,1141,2,1992 2575
1142,1142,3,1 1992 2574
1143,1143,2,1992 2575
1144,1144,2,1992 2575
1145,1145,2,1992 2575
1146,1146,3,1 1992 2574
1147,1147,2,1992 2575
1148,1148,2,1992 2575
1149,1149,2,1992 2575
1150,1150,3,1 1992 2574
1151,1151,2,1992 2575
1152,1152,2,1992 2575
1153,1153,2,1992 2575
1154,1154,2,1992 2575
1155,1155,2,1992 2575
1156,1156,2,1992 2575
1157,1157,2,1992 2575
1158,1158,2,1992 2575
1159,1159,2,1992 2575
1160,1160,2,1992 2575
1161,1161,2,1992 2575
1162,1162,2,1992 2575
1163,1163,2,1992 2575
1164,1164,2,1992 2575
1165,1165,2,1992 2575
1166,1166,2,1992 2575
1167,1167,2,1992 2575
1168,1168,3,1 1991 2575
1169,1169,3,1 1992 2574
1170,1170,2,1992 2575
1171,1171,2,1992 2575
1172,1172,2,1992 2575
1173,1173,2,1992 2575
1174,1174,2,1992 2575
1175,1175,2,1992 2575
1176,1176,2,1992 2575
1177,1177,2,1992 2575
1178,1178,2,1992 2575
1179,1179,2,1992 2575
1180,1180,2,1992 2575
1181,1181,2,1992 2575
1182,1182,2,1992 2575
1183,1183,3,1 1992 2574
1184,1184,2,1992 2575
1185,1185,2,1992 2575
1186,1186,2,1992 2575
1187,1187,2,1992 2575
1188,1188,2,1992 2575
1189,1189,3,1 1992 2574
1190,1190,2,1992 2575
1191,1191,2,1992 2575
1192,1192,2,1992 2575
1193,1193,2,1992 2575
1194,1194,2,1992 2575
1195,1195,2,1992 2575
1196,1196,2,1992 2575
1197,1197,2,1992 2575
1198,1198,2,1992 2575
1199,1199,2,1992 2575
1200,1200,2,1992 2575
1201,1201,2,1992 2575
1202,1202,2,1992 2575
1203,1203,2,1992 2575
1204,1204,2,1992 2575
1205,1205,2,1992 2575
1206,1206,2,1992 2575
1207,1207,2,1992 2575
1208,1208,2,1992 2575
1209,1209,2,1992 2575
1210,1210,2,1992 2575
1211,1211,2,1992 2575
1212,1212,2,1992 2575
1213,1213,2,1992 2575
1214,1214,2,1992 2575
1215,1215,3,1 1992 2574
1216,1216,2,1992 2575
1217,1217,2,1992 2575
1218,1218,2,1992 2575
1219,1219,2,1992 2575
1220,1220,2,1992 2575
1221,1221,2,1992 2575
1222,1222,2,1992 2575
1223,1223,2,1992 2575
1224,1224,2,1992 2575
1225,1225,2,1992 2575
1226,1226,2,1992 2575
1227,1227,2,1992 2575
1228,1228,2,1992 2575
1229,1229,2,1992 2575
1230,1230,2,1992 2575
1231,1231,2,1992 2575
1232,1232,3,1 1992 2574
1233,1233,2,1992 2575
1234,1234,2,1992 2575
1235,1235,2,1992 2575
1236,1236,2,1992 2575
1237,1237,2,1992 2575
1238,1238,2,1992 2575
1239,1239,2,1992 2575
1240,1240,2,1992 2575
1241,1241,2,1992 2575
1242,1242,2,1992 2575
1243,1243,2,1992 2575
1244,1244,2,1992 2575
1245,1245,2,1992 2575
1246,1246,4,1 1 1991 2574
1247,1247,2,1992 2575
1248,1248,3,1 1992 2574
1249,1249,2,1992 2575
1250,1250,2,1992 2575
1251,1251,2,1992 2575
1252,1252,2,1992 2575
1253,1253,2,1992 2575
1254,1254,3,1 1992 2574
1255,1255,3,1 1992 2574
1256,1256,2,1992 2575
1257,1257,2,1992 2575
1258,1258,2,1992 2575
1259,1259,2,1992 2575
1260,1260,2,1992 2575
1261,1261,2,1992 2575
1262,1262,2,1992 2575
1263,1263,2,1992 2575
1264,1264,2,1992 2575
1265,1265,2,1992 2575
1266,1266,2,1992 2575
1267,1267,2,1992 2575
1268,1268,2,1992 2575
1269,1269,2,1992 2575
1270,1270,2,1992 2575
1271,1271,2,1992 2575
1272,1272,2,1992 2575
1273,1273,2,1992 2575
1274,1274,2,1992 2575
1275,1275,2,1992 2575
1276,1276,2,1992 2575
1277,1277,2,1992 2575
1278,1278,3,2 1990 2575
1279,1279,3,1 1992 2574
1280,1280,2,1992 2575
1281,1281,2,1992 2575
1282,1282,2,1992 2575
1283,1283,2,1992 2575
1284,1284,2,1992 2575
1285,1285,2,1992 2575
1286,1286,2,1992 2575
1287,1287,2,1992 2575
1288,1288,2,1992 2575
1289,1289,2,1992 2575
1290,1290,2,1992 2575
1291,1291,3,1 1992 2574
1292,1292,2,1992 2575
1293,1293,2,1992 2575
1294,1294,2,1992 2575
1295,1295,2,1992 2575
1296,1296,2,1992 2575
1297,1297,2,1992 2575
1298,1298,2,1992 2575
1299,1299,2,1992 2575
1300,1300,2,1992 2575
1301,1301,2,1992 2575
1302,1302,2,1992 2575
1303,1303,2,1992 2575
1304,1304,2,1992 2575
1305,1305,2,1992 2575
1306,1306,2,1992 2575
1307,1307,2,1992 2575
1308,1308,2,1992 2575
1309,1309,2,1992 2575
1310,1310,2,1992 2575
1311,1311,3,1 1992 2574
1312,1312,2,1992 2575
1313,1313,2,1992 2575
1314,1314,2,1992 2575
1315,1315,2,1992 2575
1316,1316,2,1992 2575
1317,1317,2,1992 2575
1318,1318,2,1992 2575
1319,1319,3,1 1992 2574
1320,1320,2,1992 2575
1321,1321,2,1992 2575
1322,1322,2,1992 2575
1323,1323,2,1992 2575
1324,1324,2,1992 2575
1325,1325,2,1992 2575
1326,1326,2,1992 2575
1327,1327,2,1992 2575
1328,1328,2,1992 2575
1329,1329,2,1992 2575
1330,1330,2,1992 2575
1331,1331,2,1992 2575
1332,1332,2,1992 2575
1333,1333,2,1992 2575
1334,1334,2,1992 2575
1335,1335,2,1992 2575
1336,1336,2,1992 2575
1337,1337,2,1992 2575
1338,1338,2,1992 2575
1339,1339,2,1992 2575
1340,1340,2,1992 2575
1341,1341,2,1992 2575
1342,1342,3,1 1992 2574
1343,1343,2,1992 2575
1344,1344,2,1992 2575
1345,1345,2,1992 2575
1346,1346,2,1992 2575
1347,1347,2,1992 2575
1348,1348,2,1992 2575
1349,1349,2,1992 2575
1350,1350,2,1992 2575
1351,1351,2,1992 2575
1352,1352,2,1992 2575
1353,1353,2,1992 2575
1354,1354,2,1992 2575
1355,1355,2,1992 2575
1356,1356,2,1992 2575
1357,1357,2,1992 2575
1358,1358,2,1992 2575
1359,1359,2,1992 2575
1360,1360,2,1992 2575
1361,1361,2,1992 2575
1362,1362,2,1992 2575
1363,1363,2,1992 2575
1364,1364,2,1992 2575
1365,1365,2,1992 2575
1366,1366,2,1992 2575
1367,1367,3,1 1992 2574
1368,1368,2,1992 2575
1369,1369,2,1992 2575
1370,1370,2,1992 2575
1371,1371,2,1992 2575
1372,1372,2,1992 2575
1373,1373,3,1 1992 2574
1374,1374,2,1992 2575
1375,1375,2,1992 2575
1376,1376,2,1992 2575
1377,1377,4,1 1 1992 2573
1378,1378,2,1992 2575
1379,1379,2,1992 2575
1380,1380,2,1992 2575
1381,1381,2,1992 2575
1382,1382,2,1992 2575
1383,1383,2,1992 2575
1384,1384,2,1992 2575
1385,1385,2,1992 2575
1386,1386,2,1992 2575
1387,1387,2,1992 2575
1388,1388,3,1 1992 2574
1389,1389,3,1 1992 2574
1390,1390,3,1 1992 2574
1391,1391,2,1992 2575
1392,1392,2,1992 2575
1393,1393,2,1992 2575
1394,1394,2,1992 2575
1395,1395,2,1992 2575
1396,1396,3,1 1991 2575
1397,1397,2,1992 2575
1398,1398,2,1992 2575
1399,1399,2,1992 2575
1400,1400,2,1992 2575
1401,1401,2,1992 2575
1402,1402,2,1992 2575
1403,1403,2,1992 2575
1404,1404,2,1992 2575
1405,1405,2,1992 2575
1406,1406,2,1992 2575
1407,1407,3,1 1992 2574
1408,1408,3,1 1992 2574
1409,1409,2,1992 2575
1410,1410,2,1992 2575
1411,1411,2,1992 2575
1412,1412,3,1 1992 2574
1413,1413,4,1 1 1991 2574
1414,1414,2,1992 2575
1415,1415,2,1992 2575
1416,1416,2,1992 2575
1417,1417,2,1992 2575
1418,1418,2,1992 2575
1419,1419,2,1992 2575
1420,1420,2,1992 2575
1421,1421,2,1992 2575
1422,1422,2,1992 2575
1423,1423,3,1 1992 2574
1424,1424,2,1992 2575
1425,1425,2,1992 2575
1426,1426,2,1992 2575
1427,1427,2,1992 2575
1428,1428,2,1992 2575
1429,1429,2,1992 2575
1430,1430,2,1992 2575
1431,1431,2,1992 2575
1432,1432,4,1 1 1992 2573
1433,1433,2,1992 2575
1434,1434,2,1992 2575
1435,1435,2,1992 2575
1436,1436,2,1992 2575
1437,1437,2,1992 2575
1438,1438,2,1992 2575
1439,1439,2,1992 2575
1440,1440,2,1992 2575
1441,1441,2,1992 2575
1442,1442,2,1992 2575
1443,1443,2,1992 2575
1444,1444,2,1992 2575
1445,1445,2,1992 2575
1446,1446,2,1992 2575
1447,1447,2,1992 2575
1448,1448,2,1992 2575
1449,1449,2,1992 2575
1450,1450,2,1992 2575
1451,1451,2,1992 2575
1452,1452,2,1992 2575
1453,1453,2,1992 2575
1454,1454,3,1 1992 2574
1455,1455,2,1992 2575
1456,1456,2,1992 2575
1457,1457,2,1992 2575
1458,1458,2,1992 2575
1459,1459,2,1992 2575
1460,1460,2,1992 2575
1461,1461,2,1992 2575
1462,1462,2,1992 2575
1463,1463,2,1992 2575
1464,1464,4,1 1 1991 2574
1465,1465,2,1992 2575
1466,1466,2,1992 2575
1467,1467,2,1992 2575
1468,1468,2,1992 2575
1469,1469,2,1992 2575
1470,1470,2,1992 2575
1471,1471,2,1992 2575
1472,1472,2,1992 2575
1473,1473,2,1992 2575
1474,1474,3,1 1991 2575
1475,1475,3,1 1991 2575
1476,1476,2,1992 2575
1477,1477,2,1992 2575
1478,1478,2,1992 2575
1479,1479,2,1992 2575
1480,1480,2,1992 2575
1481,1481,3,1 1992 2574
1482,1482,2,1992 2575
1483,1483,3,1 1992 2574
1484,1484,2,1992 2575
1485,1485,2,1992 2575
1486,1486,2,1992 2575
1487,1487,2,1992 2575
1488,1488,2,1992 2575
1489,1489,2,1992 2575
1490,1490,2,1992 2575
1491,1491,2,1992 2575
1492,1492,2,1992 2575
1493,1493,2,1992 2575
1494,1494,2,1992 2575
1495,1495,3,1 1992 2574
1496,1496,2,1992 2575
1497,1497,2,1992 2575
1498,1498,2,1992 2575
1499,1499,2,1992 2575
1500,1500,2,1992 2575
1501,1501,2,1992 2575
1502,1502,2,1992 2575
1503,1503,2,1992 2575
1504,1504,2,1992 2575
1505,1505,2,1992 2575
1506,1506,2,1992 2575
1507,1507,2,1992 2575
1508,1508,2,1992 2575
1509,1509,2,1992 2575
1510,1510,2,1992 2575
1511,1511,2,1992 2575
1512,1512,2,1992 2575
1513,1513,2,1992 2575
1514,1514,2,1992 2575
1515,1515,2,1992 2575
1516,1516,2,1992 2575
1517,1517,2,1992 2575
1518,1518,2,1992 2575
1519,1519,2,1992 2575
1520,1520,2,1992 2575
1521,1521,2,1992 2575
1522,1522,2,1992 2575
1523,1523,2,1992 2575
1524,1524,2,1992 2575
1525,1525,2,1992 2575
1526,1526,2,1992 2575
1527,1527,3,1 1991 2575
1528,1528,2,1992 2575
1529,1529,2,1992 2575
1530,1530,4,1 1 1991 2574
1531,1531,2,1992 2575
1532,1532,2,1992 2575
1533,1533,2,1992 2575
1534,1534,2,1992 2575
1535,1535,2,1992 2575
1536,1536,2,1992 2575
1537,1537,2,1992 2575
1538,1538,2,1992 2575
1539,1539,3,1 1992 2574
1540,1540,2,1992 2575
1541,1541,2,1992 2575
1542,1542,2,1992 2575
1543,1543,2,1992 2575
1544,1544,3,1 1992 2574
1545,1545,2,1992 2575
1546,1546,2,1992 2575
1547,1547,2,1992 2575
1548,1548,2,1992 2575
1549,1549,2,1992 2575
1550,1550,2,1992 2575
1551,1551,2,1992 2575
1552,1552,2,1992 2575
1553,1553,2,1992 2575
1554,1554,2,1992 2575
1555,1555,2,1992 2575
1556,1556,2,1992 2575
1557,1557,2,1992 2575
1558,1558,2,1992 2575
1559,1559,2,1992 2575
1560,1560,2,1992 2575
1561,1561,2,1992 2575
1562,1562,2,1992 2575
1563,1563,2,1992 2575
1564,1564,2,1992 2575
1565,1565,2,1992 2575
1566,1566,2,1992 2575
1567,1567,2,1992 2575
1568,1568,2,1992 2575
1569,1569,2,1992 2575
1570,1570,2,1992 2575
1571,1571,3,1 1992 2574
1572,1572,2,1992 2575
1573,1573,2,1992 2575
1574,1574,2,1992 2575
1575,1575,2,1992 2575
1576,1576,2,1992 2575
1577,1577,2,1992 2575
1578,1578,2,1992 2575
1579,1579,3,1 1992 2574
1580,1580,2,1992 2575
1581,1581,2,1992 2575
1582,1582,2,1992 2575
1583,1583,2,1992 2575
1584,1584,2,1992 2575
1585,1585,2,1992 2575
1586,1586,2,1992 2575
1587,1587,2,1992 2575
1588,1588,2,1992 2575
1589,1589,2,1992 2575
1590,1590,2,1992 2575
1591,1591,2,1992 2575
1592,1592,2,1992 2575
1593,1593,2,1992 2575
1594,1594,2,1992 2575
1595,1595,2,1992 2575
1596,1596,2,1992 2575
1597,1597,2,1992 2575
1598,1598,2,1992 2575
1599,1599,2,1992 2575
1600,1600,2,1992 2575
1601,1601,2,1992 2575
1602,1602,2,1992 2575
1603,1603,2,1992 2575
1604,1604,3,1 1992 2574
1605,1605,3,1 1992 2574
1606,1606,2,1992 2575
1607,1607,2,1992 2575
1608,1608,2,1992 2575
1609,1609,2,1992 2575
1610,1610,2,1992 2575
1611,1611,2,1992 2575
1612,1612,2,1992 2575
1613,1613,2,1992 2575
1614,1614,2,1992 2575
1615,1615,2,1992 2575
1616,1616,2,1992 2575
1617,1617,2,1992 2575
1618,1618,2,1992 2575
1619,1619,2,1992 2575
1620,1620,2,1992 2575
1621,1621,2,1992 2575
1622,1622,2,1992 2575
1623,1623,2,1992 2575
1624,1624,2,1992 2575
1625,1625,3,1 1992 2574
1626,1626,3,2 1991 2574
1627,1627,2,1992 2575
1628,1628,2,1992 2575
1629,1629,3,1 1991 2575
1630,1630,2,1992 2575
1631,1631,2,1992 2575
1632,1632,3,1 1991 2575
1633,1633,3,1 1992 2574
1634,1634,2,1992 2575
1635,1635,3,1 1992 2574
1636,1636,3,3 1991 2573
1637,1637,3,1 1992 2574
1638,1638,2,1992 2575
1639,1639,2,1992 2575
1640,1640,2,1992 2575
1641,1641,2,1992 2575
1642,1642,2,1992 2575
1643,1643,2,1992 2575
1644,1644,2,1992 2575
1645,1645,3,1 1991 2575
1646,1646,2,1992 2575
1647,1647,2,1992 2575
1648,1648,2,1992 2575
1649,1649,2,1992 2575
1650,1650,2,1992 2575
1651,1651,2,1992 2575
1652,1652,2,1992 2575
1653,1653,2,1992 2575
1654,1654,2,1992 2575
1655,1655,2,1992 2575
1656,1656,2,1992 2575
1657,1657,2,1992 2575
1658,1658,2,1992 2575
1659,1659,2,1992 2575
1660,1660,2,1992 2575
1661,1661,2,1992 2575
1662,1662,2,1992 2575
1663,1663,2,1992 2575
1664,1664,2,1992 2575
1665,1665,2,1992 2575
1666,1666,2,1992 2575
1667,1667,2,1992 2575
1668,1668,2,1992 2575
1669,1669,4,1 1 1992 2573
1670,1670,2,1992 2575
1671,1671,2,1992 2575
1672,1672,2,1992 2575
1673,1673,2,1992 2575
1674,1674,2,1992 2575
1675,1675,2,1992 2575
1676,1676,2,1992 2575
1677,1677,3,1 1992 2574
1678,1678,2,1992 2575
1679,1679,2,1992 2575
1680,1680,2,1992 2575
1681,1681,2,1992 2575
1682,1682,2,1992 2575
1683,1683,2,1992 2575
1684,1684,2,1992 2575
1685,1685,2,1992 2575
1686,1686,2,1992 2575
1687,1687,2,1992 2575
1688,1688,2,1992 2575
1689,1689,2,1992 2575
1690,1690,2,1992 2575
1691,1691,2,1992 2575
1692,1692,2,1992 2575
1693,1693,2,1992 2575
1694,1694,2,1992 2575
1695,1695,2,1992 2575
1696,1696,2,1992 2575
1697,1697,2,1992 2575
1698,1698,2,1992 2575
1699,1699,2,1992 2575
1700,1700,2,1992 2575
1701,1701,2,1992 2575
1702,1702,2,1992 2575
1703,1703,3,1 1992 2574
1704,1704,2,1992 2575
1705,1705,2,1992 2575
1706,1706,2,1992 2575
1707,1707,2,1992 2575
1708,1708,2,1992 2575
1709,1709,2,1992 2575
1710,1710,2,1992 2575
1711,1711,2,1992 2575
1712,1712,2,1992 2575
1713,1713,2,1992 2575
1714,1714,3,1 1992 2574
1715,1715,3,1 1992 2574
1716,1716,2,1992 2575
1717,1717,2,1992 2575
1718,1718,2,1992 2575
1719,1719,2,1992 2575
1720,1720,2,1992 2575
1721,1721,2,1992 2575
1722,1722,2,1992 2575
1723,1723,2,1992 2575
1724,1724,2,1992 2575
1725,1725,2,1992 2575
1726,1726,2,1992 2575
1727,1727,2,1992 2575
1728,1728,2,1992 2575
1729,1729,2,1992 2575
1730,1730,2,1992 2575
1731,1731,2,1992 2575
1732,1732,2,1992 2575
1733,1733,2,1992 2575
1734,1734,2,1992 2575
1735,1735,2,1992 2575
1736,1736,2,1992 2575
1737,1737,2,1992 2575
1738,1738,2,1992 2575
1739,1739,2,1992 2575
1740,1740,2,1992 2575
1741,1741,2,1992 2575
1742,1742,2,1992 2575
1743,1743,2,1992 2575
1744,1744,3,1 1992 2574
1745,1745,2,1992 2575
1746,1746,2,1992 2575
1747,1747,2,1992 2575
1748,1748,2,1992 2575
1749,1749,2,1992 2575
1750,1750,2,1992 2575
1751,1751,2,1992 2575
1752,1752,2,1992 2575
1753,1753,2,1992 2575
1754,1754,2,1992 2575
1755,1755,2,1992 2575
1756,1756,2,1992 2575
1757,1757,2,1992 2575
1758,1758,2,1992 2575
1759,1759,2,1992 2575
1760,1760,2,1992 2575
1761,1761,2,1992 2575
1762,1762,2,1992 2575
1763,1763,2,1992 2575
1764,1764,2,1992 2575
1765,1765,2,1992 2575
1766,1766,3,1 1992 2574
1767,1767,3,1 1992 2574
1768,1768,2,1992 2575
1769,1769,2,1992 2575
1770,1770,2,1992 2575
1771,1771,2,1992 2575
1772,1772,2,1992 2575
1773,1773,2,1992 2575
1774,1774,2,1992 2575
1775,1775,2,1992 2575
1776,1776,2,1992 2575
1777,1777,4,1 1 1991 2574
1778,1778,2,1992 2575
1779,1779,2,1992 2575
1780,1780,2,1992 2575
1781,1781,2,1992 2575
1782,1782,2,1992 2575
1783,1783,2,1992 2575
1784,1784,2,1992 2575
1785,1785,2,1992 2575
1786,1786,3,1 1992 2574
1787,1787,2,1992 2575
1788,1788,2,1992 2575
1789,1789,2,1992 2575
1790,1790,2,1992 2575
1791,1791,2,1992 2575
1792,1792,2,1992 2575
1793,1793,2,1992 2575
1794,1794,2,1992 2575
1795,1795,2,1992 2575
1796,1796,2,1992 2575
1797,1797,2,1992 2575
1798,1798,2,1992 2575
1799,1799,2,1992 2575
1800,1800,2,1992 2575
1801,1801,2,1992 2575
1802,1802,2,1992 2575
1803,1803,3,1 1992 2574
1804,1804,2,1992 2575
1805,1805,2,1992 2575
1806,1806,2,1992 2575
1807,1807,2,1992 2575
1808,1808,2,1992 2575
1809,1809,2,1992 2575
1810,1810,2,1992 2575
1811,1811,2,1992 2575
1812,1812,2,1992 2575
1813,1813,2,1992 2575
1814,1814,2,1992 2575
1815,1815,2,1992 2575
1816,1816,2,1992 2575
1817,1817,2,1992 2575
1818,1818,2,1992 2575
1819,1819,2,1992 2575
1820,1820,2,1992 2575
1821,1821,2,1992 2575
1822,1822,3,1 1992 2574
1823,1823,2,1992 2575
1824,1824,2,1992 2575
1825,1825,3,1 1992 2574
1826,1826,3,1 1992 2574
1827,1827,2,1992 2575
1828,1828,2,1992 2575
1829,1829,3,1 1991 2575
1830,1830,2,1992 2575
1831,1831,2,1992 2575
1832,1832,2,1992 2575
1833,1833,2,1992 2575
1834,1834,2,1992 2575
1835,1835,2,1992 2575
1836,1836,2,1992 2575
1837,1837,2,1992 2575
1838,1838,2,1992 2575
1839,1839,2,1992 2575
1840,1840,3,1 1992 2574
1841,1841,2,1992 2575
1842,1842,2,1992 2575
1843,1843,2,1992 2575
1844,1844,2,1992 2575
1845,1845,2,1992 2575
1846,1846,3,1 1991 2575
1847,1847,2,1992 2575
1848,1848,2,1992 2575
1849,1849,2,1992 2575
1850,1850,2,1992 2575
1851,1851,2,1992 2575
1852,1852,3,1 1992 2574
1853,1853,3,1 1992 2574
1854,1854,3,1 1992 2574
1855,1855,3,1 1992 2574
1856,1856,2,1992 2575
1857,1857,2,1992 2575
1858,1858,2,1992 2575
1859,1859,3,1 1991 2575
1860,1860,2,1992 2575
1861,1861,2,1992 2575
1862,1862,2,1992 2575
1863,1863,2,1992 2575
1864,1864,2,1992 2575
1865,1865,2,1992 2575
1866,1866,2,1992 2575
1867,1867,2,1992 2575
1868,1868,2,1992 2575
1869,1869,2,1992 2575
1870,1870,2,1992 2575
1871,1871,3,1 1992 2574
1872,1872,2,1992 2575
1873,1873,2,1992 2575
1874,1874,2,1992 2575
1875,1875,2,1992 2575
1876,1876,2,1992 2575
1877,1877,2,1992 2575
1878,1878,2,1992 2575
1879,1879,2,1992 2575
1880,1880,2,1992 2575
1881,1881,2,1992 2575
1882,1882,2,1992 2575
1883,1883,2,1992 2575
1884,1884,2,1992 2575
1885,1885,2,1992 2575
1886,1886,2,1992 2575
1887,1887,2,1992 2575
1888,1888,2,1992 2575
1889,1889,2,1992 2575
1890,1890,2,1992 2575
1891,1891,3,1 1992 2574
1892,1892,2,1992 2575
1893,1893,2,1992 2575
1894,1894,2,1992 2575
1895,1895,2,1992 2575
1896,1896,3,1 1992 2574
1897,1897,2,1992 2575
1898,1898,2,1992 2575
1899,1899,2,1992 2575
1900,1900,2,1992 2575
1901,1901,2,1992 2575
1902,1902,2,1992 2575
1903,1903,4,1 1 1991 2574
1904,1904,2,1992 2575
1905,1905,2,1992 2575
1906,1906,2,1992 2575
1907,1907,2,1992 2575
1908,1908,3,1 1992 2574
1909,1909,2,1992 2575
1910,1910,2,1992 2575
1911,1911,2,1992 2575
1912,1912,2,1992 2575
1913,1913,2,1992 2575
1914,1914,2,1992 2575
1915,1915,2,1992 2575
1916,1916,2,1992 2575
1917,1917,3,1 1991 2575
1918,1918,2,1992 2575
1919,1919,2,1992 2575
1920,1920,2,1992 2575
1921,1921,2,1992 2575
1922,1922,2,1992 2575
1923,1923,2,1992 2575
1924,1924,2,1992 2575
1925,1925,2,1992 2575
1926,1926,2,1992 2575
1927,1927,2,1992 2575
1928,1928,2,1992 2575
1929,1929,2,1992 2575
1930,1930,2,1992 2575
1931,1931,2,1992 2575
1932,1932,2,1992 2575
1933,1933,2,1992 2575
1934,1934,2,1992 2575
1935,1935,2,1992 2575
1936,1936,2,1992 2575
1937,1937,2,1992 2575
1938,1938,2,1992 2575
1939,1939,3,1 1992 2574
1940,1940,2,1992 2575
1941,1941,2,1992 2575
1942,1942,2,1992 2575
1943,1943,2,1992 2575
1944,1944,2,1992 2575
1945,1945,2,1992 2575
1946,1946,2,1992 2575
1947,1947,2,1992 2575
1948,1948,2,1992 2575
1949,1949,3,1 1992 2574
1950,1950,2,1992 2575
1951,1951,2,1992 2575
1952,1952,2,1992 2575
1953,1953,2,1992 2575
1954,1954,2,1992 2575
1955,1955,2,1992 2575
1956,1956,2,1992 2575
1957,1957,2,1992 2575
1958,1958,2,1992 2575
1959,1959,2,1992 2575
1960,1960,2,1992 2575
1961,1961,2,1992 2575
1962,1962,2,1992 2575
1963,1963,3,1 1992 2574
1964,1964,2,1992 2575
1965,1965,2,1992 2575
1966,1966,2,1992 2575
1967,1967,3,1 1992 2574
1968,1968,2,1992 2575
1969,1969,2,1992 2575
1970,1970,2,1992 2575
1971,1971,2,1992 2575
1972,1972,2,1992 2575
1973,1973,2,1992 2575
1974,1974,2,1992 2575
1975,1975,2,1992 2575
1976,1976,2,1992 2575
1977,1977,2,1992 2575
1978,1978,2,1992 2575
1979,1979,2,1992 2575
1980,1980,2,1992 2575
1981,1981,2,1992 2575
1982,1982,2,1992 2575
1983,1983,2,1992 2575
1984,1984,2,1992 2575
1985,1985,2,1992 2575
1986,1986,2,1992 2575
1987,1987,2,1992 2575
1988,1988,2,1992 2575
1989,1989,2,1992 2575
1990,1990,3,1 1992 2574
1991,1991,2,1992 2575
1992,1992,2,1992 2575
1993,1993,2,1992 2575
1994,1994,2,1992 2575
1995,1995,2,1992 2575
1996,1996,2,1992 2575
1997,1997,2,1992 2575
1998,1998,2,1992 2575
1999,1999,2,1992 2575
2000,2000,2,1992 2575
2001,2001,2,1992 2575
2002,2002,2,1992 2575
2003,2003,2,1992 2575
2004,2004,2,1992 2575
2005,2005,2,1992 2575
2006,2006,2,1992 2575
2007,2007,2,1992 2575
2008,2008,2,1992 2575
2009,2009,3,1 1991 2575
2010,2010,3,1 1992 2574
2011,2011,2,1992 2575
2012,2012,2,1992 2575
2013,2013,2,1992 2575
2014,2014,2,1992 2575
2015,2015,2,1992 2575
2016,2016,2,1992 2575
2017,2017,2,1992 2575
2018,2018,2,1992 2575
2019,2019,2,1992 2575
2020,2020,3,1 1992 2574
2021,2021,4,1 1 1991 2574
2022,2022,2,1992 2575
2023,2023,2,1992 2575
2024,2024,2,1992 2575
2025,2025,2,1992 2575
2026,2026,2,1992 2575
2027,2027,2,1992 2575
2028,2028,2,1992 2575
2029,2029,2,1992 2575
2030,2030,2,1992 2575
2031,2031,3,1 1992 2574
2032,2032,2,1992 2575
2033,2033,2,1992 2575
2034,2034,2,1992 2575
2035,2035,2,1992 2575
2036,2036,2,1992 2575
2037,2037,2,1992 2575
2038,2038,2,1992 2575
2039,2039,2,1992 2575
2040,2040,2,1992 2575
2041,2041,2,1992 2575
2042,2042,2,1992 2575
2043,2043,2,1992 2575
2044,2044,2,1992 2575
2045,2045,2,1992 2575
2046,2046,2,1992 2575
2047,2047,2,1992 2575
2048,2048,2,1992 2575
2049,2049,2,1992 2575
2050,2050,3,1 1992 2574
2051,2051,2,1992 2575
2052,2052,2,1992 2575
2053,2053,2,1992 2575
2054,2054,2,1992 2575
2055,2055,2,1992 2575
2056,2056,2,1992 2575
2057,2057,2,1992 2575
2058,2058,2,1992 2575
2059,2059,3,1 1992 2574
2060,2060,2,1992 2575
2061,2061,2,1992 2575
2062,2062,2,1992 2575
2063,2063,2,1992 2575
2064,2064,2,1992 2575
2065,2065,3,1 1992 2574
2066,2066,2,1992 2575
2067,2067,2,1992 2575
2068,2068,2,1992 2575
2069,2069,2,1992 2575
2070,2070,2,1992 2575
2071,2071,2,1992 2575
2072,2072,3,1 1992 2574
2073,2073,2,1992 2575
2074,2074,2,1992 2575
2075,2075,3,1 1992 2574
2076,2076,2,1992 2575
2077,2077,2,1992 2575
2078,2078,2,1992 2575
2079,2079,2,1992 2575
2080,2080,2,1992 2575
2081,2081,2,1992 2575
2082,2082,2,1992 2575
2083,2083,2,1992 2575
2084,2084,2,1992 2575
2085,2085,2,1992 2575
2086,2086,2,1992 2575
2087,2087,2,1992 2575
2088,2088,2,1992 2575
2089,2089,2,1992 2575
2090,2090,2,1992 2575
2091,2091,3,1 1992 2574
2092,2092,2,1992 2575
2093,2093,2,1992 2575
2094,2094,2,1992 2575
2095,2095,3,1 1992 2574
2096,2096,2,1992 2575
2097,2097,2,1992 2575
2098,2098,2,1992 2575
2099,2099,2,1992 2575
2100,2100,2,1992 2575
2101,2101,2,1992 2575
2102,2102,2,1992 2575
2103,2103,2,1992 2575
2104,2104,3,1 1992 2574
2105,2105,2,1992 2575
2106,2106,2,1992 2575
2107,2107,2,1992 2575
2108,2108,2,1992 2575
2109,2109,2,1992 2575
2110,2110,2,1992 2575
2111,2111,2,1992 2575
2112,2112,2,1992 2575
2113,2113,3,1 1992 2574
2114,2114,2,1992 2575
2115,2115,2,1992 2575
2116,2116,2,1992 2575
2117,2117,2,1992 2575
2118,2118,3,1 1992 2574
2119,2119,2,1992 2575
2120,2120,2,1992 2575
2121,2121,2,1992 2575
2122,2122,2,1992 2575
2123,2123,3,1 1992 2574
2124,2124,2,1992 2575
2125,2125,2,1992 2575
2126,2126,2,1992 2575
2127,2127,2,1992 2575
2128,2128,2,1992 2575
2129,2129,2,1992 2575
2130,2130,2,1992 2575
2131,2131,2,1992 2575
2132,2132,3,1 1991 2575
2133,2133,2,1992 2575
2134,2134,2,1992 2575
2135,2135,2,1992 2575
2136,2136,2,1992 2575
2137,2137,2,1992 2575
2138,2138,2,1992 2575
2139,2139,3,1 1991 2575
2140,2140,2,1992 2575
2141,2141,2,1992 2575
2142,2142,2,1992 2575
2143,2143,2,1992 2575
2144,2144,2,1992 2575
2145,2145,2,1992 2575
2146,2146,2,1992 2575
2147,2147,2,1992 2575
2148,2148,2,1992 2575
2149,2149,2,1992 2575
2150,2150,2,1992 2575
2151,2151,2,1992 2575
2152,2152,2,1992 2575
2153,2153,2,1992 2575
2154,2154,2,1992 2575
2155,2155,2,1992 2575
2156,2156,2,1992 2575
2157,2157,2,1992 2575
2158,2158,2,1992 2575
2159,2159,2,1992 2575
2160,2160,2,1992 2575
2161,2161,2,1992 2575
2162,2162,2,1992 2575
2163,2163,2,1992 2575
2164,2164,2,1992 2575
2165,2165,2,1992 2575
2166,2166,2,1992 2575
2167,2167,2,1992 2575
2168,2168,2,1992 2575
2169,2169,2,1992 2575
2170,2170,2,1992 2575
2171,2171,2,1992 2575
2172,2172,2,1992 2575
2173,2173,2,1992 2575
2174,2174,2,1992 2575
2175,2175,2,1992 2575
2176,2176,2,1992 2575
2177,2177,3,1 1992 2574
2178,2178,2,1992 2575
2179,2179,2,1992 2575
2180,2180,2,1992 2575
2181,2181,2,1992 2575
2182,2182,2,1992 2575
2183,2183,3,1 1992 2574
2184,2184,2,1992 2575
2185,2185,2,1992 2575
2186,2186,3,1 1992 2574
2187,2187,2,1992 2575
2188,2188,3,1 1992 2574
2189,2189,4,1 1 1992 2573
2190,2190,2,1992 2575
2191,2191,2,1992 2575
2192,2192,2,1992 2575
2193,2193,2,1992 2575
2194,2194,3,1 1992 2574
2195,2195,2,1992 2575
2196,2196,2,1992 2575
2197,2197,2,1992 2575
2198,2198,2,1992 2575
2199,2199,2,1992 2575
2200,2200,2,1992 2575
2201,2201,2,1992 2575
2202,2202,2,1992 2575
2203,2203,2,1992 2575
2204,2204,2,1992 2575
2205,2205,2,1992 2575
2206,2206,2,1992 2575
2207,2207,2,1992 2575
2208,2208,2,1992 2575
2209,2209,3,1 1992 2574
2210,2210,2,1992 2575
2211,2211,2,1992 2575
2212,2212,3,1 1992 2574
2213,2213,2,1992 2575
2214,2214,2,1992 2575
2215,2215,3,1 1991 2575
2216,2216,2,1992 2575
2217,2217,2,1992 2575
2218,2218,2,1992 2575
2219,2219,2,1992 2575
2220,2220,2,1992 2575
2221,2221,2,1992 2575
2222,2222,2,1992 2575
2223,2223,2,1992 2575
2224,2224,2,1992 2575
2225,2225,2,1992 2575
2226,2226,3,1 1992 2574
2227,2227,2,1992 2575
2228,2228,2,1992 2575
2229,2229,2,1992 2575
2230,2230,2,1992 2575
2231,2231,2,1992 2575
2232,2232,3,1 1992 2574
2233,2233,2,1992 2575
2234,2234,2,1992 2575
2235,2235,2,1992 2575
2236,2236,2,1992 2575
2237,2237,2,1992 2575
2238,2238,3,1 1992 2574
2239,2239,2,1992 2575
2240,2240,2,1992 2575
2241,2241,2,1992 2575
2242,2242,3,1 1992 2574
2243,2243,2,1992 2575
2244,2244,2,1992 2575
2245,2245,3,1 1992 2574
2246,2246,2,1992 2575
2247,2247,2,1992 2575
2248,2248,2,1992 2575
2249,2249,2,1992 2575
2250,2250,2,1992 2575
2251,2251,3,1 1992 2574
2252,2252,2,1992 2575
2253,2253,2,1992 2575
2254,2254,2,1992 2575
2255,2255,2,1992 2575
2256,2256,2,1992 2575
2257,2257,2,1992 2575
2258,2258,2,1992 2575
2259,2259,2,1992 2575
2260,2260,2,1992 2575
2261,2261,3,1 1992 2574
2262,2262,2,1992 2575
2263,2263,2,1992 2575
2264,2264,2,1992 2575
2265,2265,2,1992 2575
2266,2266,2,1992 2575
2267,2267,2,1992 2575
2268,2268,2,1992 2575
2269,2269,2,1992 2575
2270,2270,3,1 1992 2574
2271,2271,2,1992 2575
2272,2272,2,1992 2575
2273,2273,2,1992 2575
2274,2274,2,1992 2575
2275,2275,2,1992 2575
2276,2276,2,1992 2575
2277,2277,2,1992 2575
2278,2278,2,1992 2575
2279,2279,2,1992 2575
2280,2280,2,1992 2575
2281,2281,2,1992 2575
2282,2282,3,1 1992 2574
2283,2283,2,1992 2575
2284,2284,2,1992 2575
2285,2285,2,1992 2575
2286,2286,2,1992 2575
2287,2287,2,1992 2575
2288,2288,2,1992 2575
2289,2289,2,1992 2575
2290,2290,4,1 1 1992 2573
2291,2291,2,1992 2575
2292,2292,2,1992 2575
2293,2293,2,1992 2575
2294,2294,2,1992 2575
2295,2295,2,1992 2575
2296,2296,2,1992 2575
2297,2297,2,1992 2575
2298,2298,3,1 1992 2574
2299,2299,3,1 1992 2574
2300,2300,2,1992 2575
2301,2301,3,1 1992 2574
2302,2302,2,1992 2575
2303,2303,2,1992 2575
2304,2304,3,1 1992 2574
2305,2305,2,1992 2575
2306,2306,2,1992 2575
2307,2307,2,1992 2575
2308,2308,2,1992 2575
2309,2309,3,1 1992 2574
2310,2310,2,1992 2575
2311,2311,2,1992 2575
2312,2312,2,1992 2575
2313,2313,2,1992 2575
2314,2314,2,1992 2575
2315,2315,2,1992 2575
2316,2316,2,1992 2575
2317,2317,2,1992 2575
2318,2318,2,1992 2575
2319,2319,2,1992 2575
2320,2320,2,1992 2575
2321,2321,2,1992 2575
2322,2322,2,1992 2575
2323,2323,2,1992 2575
2324,2324,2,1992 2575
2325,2325,2,1992 2575
2326,2326,2,1992 2575
2327,2327,2,1992 2575
2328,2328,2,1992 2575
2329,2329,2,1992 2575
2330,2330,2,1992 2575
2331,2331,2,1992 2575
2332,2332,2,1992 2575
2333,2333,2,1992 2575
2334,2334,2,1992 2575
2335,2335,3,1 1992 2574
2336,2336,2,1992 2575
2337,2337,3,1 1992 2574
2338,2338,2,1992 2575
2339,2339,2,1992 2575
2340,2340,2,1992 2575
2341,2341,2,1992 2575
2342,2342,2,1992 2575
2343,2343,2,1992 2575
2344,2344,3,1 1991 2575
2345,2345,2,1992 2575
2346,2346,2,1992 2575
2347,2347,2,1992 2575
2348,2348,2,1992 2575
2349,2349,2,1992 2575
2350,2350,2,1992 2575
2351,2351,2,1992 2575
2352,2352,2,1992 2575
2353,2353,2,1992 2575
2354,2354,2,1992 2575
2355,2355,3,1 1992 2574
2356,2356,2,1992 2575
2357,2357,2,1992 2575
2358,2358,2,1992 2575
2359,2359,2,1992 2575
2360,2360,2,1992 2575
2361,2361,2,1992 2575
2362,2362,2,1992 2575
2363,2363,2,1992 2575
2364,2364,3,1 1992 2574
2365,2365,2,1992 2575
2366,2366,2,1992 2575
2367,2367,2,1992 2575
2368,2368,2,1992 2575
2369,2369,2,1992 2575
2370,2370,2,1992 2575
2371,2371,2,1992 2575
2372,2372,2,1992 2575
2373,2373,2,1992 2575
2374,2374,2,1992 2575
2375,2375,2,1992 2575
2376,2376,2,1992 2575
2377,2377,2,1992 2575
2378,2378,2,1992 2575
2379,2379,2,1992 2575
2380,2380,2,1992 2575
2381,2381,2,1992 2575
2382,2382,2,1992 2575
2383,2383,2,1992 2575
2384,2384,3,4 1990 2573
2385,2385,4,1 2 1991 2573
2386,2386,3,1 1992 2574
2387,2387,2,1992 2575
2388,2388,2,1992 2575
2389,2389,2,1992 2575
2390,2390,2,1992 2575
2391,2391,2,1992 2575
2392,2392,2,1992 2575
2393,2393,3,1 1992 2574
2394,2394,2,1992 2575
2395,2395,2,1992 2575
2396,2396,2,1992 2575
2397,2397,2,1992 2575
2398,2398,2,1992 2575
2399,2399,2,1992 2575
2400,2400,2,1992 2575
2401,2401,3,1 1992 2574
2402,2402,3,1 1992 2574
2403,2403,2,1992 2575
2404,2404,2,1992 2575
2405,2405,2,1992 2575
2406,2406,2,1992 2575
2407,2407,3,1 1992 2574
2408,2408,2,1992 2575
2409,2409,2,1992 2575
2410,2410,2,1992 2575
2411,2411,2,1992 2575
2412,2412,2,1992 2575
2413,2413,2,1992 2575
2414,2414,2,1992 2575
2415,2415,3,1 1991 2575
2416,2416,2,1992 2575
2417,2417,2,1992 2575
2418,2418,2,1992 2575
2419,2419,2,1992 2575
2420,2420,2,1992 2575
2421,2421,2,1992 2575
2422,2422,2,1992 2575
2423,2423,2,1992 2575
2424,2424,2,1992 2575
2425,2425,2,1992 2575
2426,2426,2,1992 2575
2427,2427,2,1992 2575
2428,2428,2,1992 2575
2429,2429,2,1992 2575
2430,2430,2,1992 2575
2431,2431,2,1992 2575
2432,2432,2,1992 2575
2433,2433,2,1992 2575
2434,2434,2,1992 2575
2435,2435,2,1992 2575
2436,2436,2,1992 2575
2437,2437,2,1992 2575
2438,2438,2,1992 2575
2439,2439,2,1992 2575
2440,2440,2,1992 2575
2441,2441,2,1992 2575
2442,2442,2,1992 2575
2443,2443,2,1992 2575
2444,2444,2,1992 2575
2445,2445,2,1992 2575
2446,2446,2,1992 2575
2447,2447,2,1992 2575
2448,2448,3,1 1991 2575
2449,2449,2,1992 2575
2450,2450,2,1992 2575
2451,2451,2,1992 2575
2452,2452,2,1992 2575
2453,2453,2,1992 2575
2454,2454,2,1992 2575
2455,2455,2,1992 2575
2456,2456,2,1992 2575
2457,2457,2,1992 2575
2458,2458,2,1992 2575
2459,2459,2,1992 2575
2460,2460,2,1992 2575
2461,2461,2,1992 2575
2462,2462,2,1992 2575
2463,2463,3,1 1992 2574
2464,2464,2,1992 2575
2465,2465,2,1992 2575
2466,2466,2,1992 2575
2467,2467,2,1992 2575
2468,2468,3,2 1992 2573
2469,2469,2,1992 2575
2470,2470,2,1992 2575
2471,2471,2,1992 2575
2472,2472,2,1992 2575
2473,2473,2,1992 2575
2474,2474,2,1992 2575
2475,2475,2,1992 2575
2476,2476,2,1992 2575
2477,2477,2,1992 2575
2478,2478,2,1992 2575
2479,2479,2,1992 2575
2480,2480,3,1 1992 2574
2481,2481,2,1992 2575
2482,2482,2,1992 2575
2483,2483,2,1992 2575
2484,2484,2,1992 2575
2485,2485,2,1992 2575
2486,2486,2,1992 2575
2487,2487,2,1992 2575
2488,2488,2,1992 2575
2489,2489,2,1992 2575
2490,2490,2,1992 2575
2491,2491,2,1992 2575
2492,2492,2,1992 2575
2493,2493,2,1992 2575
2494,2494,2,1992 2575
2495,2495,2,1992 2575
2496,2496,2,1992 2575
2497,2497,2,1992 2575
2498,2498,2,1992 2575
2499,2499,2,1992 2575
2500,2500,2,1992 2575
2501,2501,2,1992 2575
2502,2502,2,1992 2575
2503,2503,2,1992 2575
2504,2504,2,1992 2575
2505,2505,2,1992 2575
2506,2506,2,1992 2575
2507,2507,2,1992 2575
2508,2508,2,1992 2575
2509,2509,2,1992 2575
2510,2510,2,1992 2575
2511,2511,2,1992 2575
2512,2512,2,1992 2575
2513,2513,2,1992 2575
2514,2514,2,1992 2575
2515,2515,2,1992 2575
2516,2516,2,1992 2575
2517,2517,2,1992 2575
2518,2518,2,1992 2575
2519,2519,2,1992 2575
2520,2520,2,1992 2575
2521,2521,2,1992 2575
2522,2522,2,1992 2575
2523,2523,2,1992 2575
2524,2524,2,1992 2575
2525,2525,2,1992 2575
2526,2526,2,1992 2575
2527,2527,2,1992 2575
2528,2528,2,1992 2575
2529,2529,2,1992 2575
2530,2530,2,1992 2575
2531,2531,2,1992 2575
2532,2532,2,1992 2575
2533,2533,2,1992 2575
2534,2534,2,1992 2575
2535,2535,2,1992 2575
2536,2536,2,1992 2575
2537,2537,2,1992 2575
2538,2538,2,1992 2575
2539,2539,2,1992 2575
2540,2540,2,1992 2575
2541,2541,3,1 1991 2575
2542,2542,2,1992 2575
2543,2543,3,1 1992 2574
2544,2544,2,1992 2575
2545,2545,3,1 1992 2574
2546,2546,2,1992 2575
2547,2547,2,1992 2575
2548,2548,2,1992 2575
2549,2549,2,1992 2575
2550,2550,2,1992 2575
2551,2551,2,1992 2575
2552,2552,2,1992 2575
2553,2553,2,1992 2575
2554,2554,2,1992 2575
2555,2555,2,1992 2575
2556,2556,2,1992 2575
2557,2557,2,1992 2575
2558,2558,2,1992 2575
2559,2559,3,1 1991 2575
2560,2560,2,1992 2575
2561,2561,2,1992 2575
2562,2562,2,1992 2575
2563,2563,2,1992 2575
2564,2564,2,1992 2575
2565,2565,2,1992 2575
2566,2566,2,1992 2575
2567,2567,3,1 1991 2575
2568,2568,2,1992 2575
2569,2569,2,1992 2575
2570,2570,2,1992 2575
2571,2571,2,1992 2575
2572,2572,2,1992 2575
2573,2573,2,1992 2575
2574,2574,2,1992 2575
2575,2575,2,1992 2575
2576,2576,2,1992 2575
2577,2577,2,1992 2575
2578,2578,3,1 1991 2575
2579,2579,2,1992 2575
2580,2580,3,1 1992 2574
2581,2581,2,1992 2575
2582,2582,2,1992 2575
2583,2583,2,1992 2575
2584,2584,2,1992 2575
2585,2585,4,1 1 1992 2573
2586,2586,2,1992 2575
2587,2587,2,1992 2575
2588,2588,2,1992 2575
2589,2589,2,1992 2575
2590,2590,3,1 1992 2574
2591,2591,2,1992 2575
2592,2592,2,1992 2575
2593,2593,2,1992 2575
2594,2594,2,1992 2575
2595,2595,2,1992 2575
2596,2596,3,1 1992 2574
2597,2597,2,1992 2575
2598,2598,2,1992 2575
2599,2599,2,1992 2575
2600,2600,2,1992 2575
2601,2601,2,1992 2575
2602,2602,2,1992 2575
2603,2603,2,1992 2575
2604,2604,2,1992 2575
2605,2605,2,1992 2575
2606,2606,2,1992 2575
2607,2607,2,1992 2575
2608,2608,2,1992 2575
2609,2609,2,1992 2575
2610,2610,2,1992 2575
2611,2611,2,1992 2575
2612,2612,2,1992 2575
2613,2613,2,1992 2575
2614,2614,3,1 1992 2574
2615,2615,2,1992 2575
2616,2616,2,1992 2575
2617,2617,2,1992 2575
2618,2618,2,1992 2575
2619,2619,2,1992 2575
2620,2620,3,1 1991 2575
2621,2621,3,1 1991 2575
2622,2622,2,1992 2575
2623,2623,3,1 1992 2574
2624,2624,3,1 1992 2574
2625,2625,2,1992 2575
2626,2626,3,1 1992 2574
2627,2627,3,1 1992 2574
2628,2628,2,1992 2575
2629,2629,2,1992 2575
2630,2630,2,1992 2575
2631,2631,2,1992 2575
2632,2632,2,1992 2575
2633,2633,2,1992 2575
2634,2634,2,1992 2575
2635,2635,2,1992 2575
2636,2636,2,1992 2575
2637,2637,2,1992 2575
2638,2638,2,1992 2575
2639,2639,2,1992 2575
2640,2640,2,1992 2575
2641,2641,2,1992 2575
2642,2642,2,1992 2575
2643,2643,2,1992 2575
2644,2644,2,1992 2575
2645,2645,2,1992 2575
2646,2646,2,1992 2575
2647,2647,2,1992 2575
2648,2648,2,1992 2575
2649,2649,2,1992 2575
2650,2650,2,1992 2575
2651,2651,2,1992 2575
2652,2652,2,1992 2575
2653,2653,3,1 1992 2574
2654,2654,3,3 1992 2572
2655,2655,3,2 1992 2573
2656,2656,3,1 1992 2574
2657,2657,2,1992 2575
2658,2658,3,1 1991 2575
2659,2659,2,1992 2575
2660,2660,4,1 1 1991 2574
2661,2661,2,1992 2575
2662,2662,2,1992 2575
2663,2663,2,1992 2575
2664,2664,2,1992 2575
2665,2665,2,1992 2575
2666,2666,2,1992 2575
2667,2667,3,1 1992 2574
2668,2668,2,1992 2575
2669,2669,2,1992 2575
2670,2670,2,1992 2575
2671,2671,2,1992 2575
2672,2672,2,1992 2575
2673,2673,2,1992 2575
2674,2674,2,1992 2575
2675,2675,2,1992 2575
2676,2676,2,1992 2575
2677,2677,2,1992 2575
2678,2678,2,1992 2575
2679,2679,3,1 1992 2574
2680,2680,2,1992 2575
2681,2681,2,1992 2575
2682,2682,3,1 1991 2575
2683,2683,2,1992 2575
2684,2684,2,1992 2575
2685,2685,2,1992 2575
2686,2686,2,1992 2575
2687,2687,2,1992 2575
2688,2688,2,1992 2575
2689,2689,2,1992 2575
2690,2690,2,1992 2575
2691,2691,2,1992 2575
2692,2692,2,1992 2575
2693,2693,2,1992 2575
2694,2694,2,1992 2575
2695,2695,2,1992 2575
2696,2696,2,1992 2575
2697,2697,2,1992 2575
2698,2698,2,1992 2575
2699,2699,3,1 1992 2574
2700,2700,2,1992 2575
2701,2701,2,1992 2575
2702,2702,2,1992 2575
2703,2703,2,1992 2575
2704,2704,2,1992 2575
2705,2705,2,1992 2575
2706,2706,2,1992 2575
2707,2707,2,1992 2575
2708,2708,2,1992 2575
2709,2709,2,1992 2575
2710,2710,2,1992 2575
2711,2711,2,1992 2575
2712,2712,2,1992 2575
2713,2713,2,1992 2575
2714,2714,2,1992 2575
2715,2715,2,1992 2575
2716,2716,2,1992 2575
2717,2717,2,1992 2575
2718,2718,2,1992 2575
2719,2719,2,1992 2575
2720,2720,3,1 1992 2574
2721,2721,3,1 1991 2575
2722,2722,2,1992 2575
2723,2723,2,1992 2575
2724,2724,2,1992 2575
2725,2725,3,1 1991 2575
2726,2726,4,1 1 1991 2574
2727,2727,2,1992 2575
2728,2728,2,1992 2575
2729,2729,2,1992 2575
2730,2730,2,1992 2575
2731,2731,2,1992 2575
2732,2732,2,1992 2575
2733,2733,2,1992 2575
2734,2734,2,1992 2575
2735,2735,2,1992 2575
2736,2736,2,1992 2575
2737,2737,3,1 1992 2574
2738,2738,2,1992 2575
2739,2739,2,1992 2575
2740,2740,2,1992 2575
2741,2741,2,1992 2575
2742,2742,2,1992 2575
2743,2743,2,1992 2575
2744,2744,2,1992 2575
2745,2745,2,1992 2575
2746,2746,2,1992 2575
2747,2747,2,1992 2575
2748,2748,2,1992 2575
2749,2749,2,1992 2575
2750,2750,2,1992 2575
2751,2751,2,1992 2575
2752,2752,2,1992 2575
2753,2753,2,1992 2575
2754,2754,2,1992 2575
2755,2755,2,1992 2575
2756,2756,2,1992 2575
2757,2757,2,1992 2575
2758,2758,2,1992 2575
2759,2759,2,1992 2575
2760,2760,2,1992 2575
2761,2761,2,1992 2575
2762,2762,2,1992 2575
2763,2763,2,1992 2575
2764,2764,2,1992 2575
2765,2765,2,1992 2575
2766,2766,2,1992 2575
2767,2767,2,1992 2575
2768,2768,2,1992 2575
2769,2769,2,1992 2575
2770,2770,2,1992 2575
2771,2771,2,1992 2575
2772,2772,2,1992 2575
2773,2773,2,1992 2575
2774,2774,2,1992 2575
2775,2775,3,1 1992 2574
2776,2776,2,1992 2575
2777,2777,2,1992 2575
2778,2778,3,1 1992 2574
2779,2779,3,1 1991 2575
2780,2780,2,1992 2575
2781,2781,2,1992 2575
2782,2782,2,1992 2575
2783,2783,2,1992 2575
2784,2784,2,1992 2575
2785,2785,2,1992 2575
2786,2786,2,1992 2575
2787,2787,2,1992 2575
2788,2788,2,1992 2575
2789,2789,3,1 1992 2574
2790,2790,2,1992 2575
2791,2791,2,1992 2575
2792,2792,2,1992 2575
2793,2793,3,1 1992 2574
2794,2794,2,1992 2575
2795,2795,2,1992 2575
2796,2796,2,1992 2575
2797,2797,2,1992 2575
2798,2798,2,1992 2575
2799,2799,2,1992 2575
2800,2800,2,1992 2575
2801,2801,2,1992 2575
2802,2802,3,1 1992 2574
2803,2803,2,1992 2575
2804,2804,2,1992 2575
2805,2805,2,1992 2575
2806,2806,2,1992 2575
2807,2807,3,1 1992 2574
2808,2808,2,1992 2575
2809,2809,2,1992 2575
2810,2810,3,1 1991 2575
2811,2811,2,1992 2575
2812,2812,2,1992 2575
2813,2813,3,2 1992 2573
2814,2814,2,1992 2575
2815,2815,2,1992 2575
2816,2816,2,1992 2575
2817,2817,2,1992 2575
2818,2818,2,1992 2575
2819,2819,2,1992 2575
2820,2820,2,1992 2575
2821,2821,2,1992 2575
2822,2822,2,1992 2575
2823,2823,2,1992 2575
2824,2824,2,1992 2575
2825,2825,3,1 1992 2574
2826,2826,2,1992 2575
2827,2827,2,1992 2575
2828,2828,2,1992 2575
2829,2829,3,1 1992 2574
2830,2830,2,1992 2575
2831,2831,2,1992 2575
2832,2832,2,1992 2575
2833,2833,2,1992 2575
2834,2834,2,1992 2575
2835,2835,2,1992 2575
2836,2836,2,1992 2575
2837,2837,2,1992 2575
2838,2838,3,1 1992 2574
2839,2839,2,1992 2575
2840,2840,2,1992 2575
2841,2841,3,1 1992 2574
2842,2842,2,1992 2575
2843,2843,2,1992 2575
2844,2844,3,1 1992 2574
2845,2845,3,1 1991 2575
2846,2846,3,1 1992 2574
2847,2847,2,1992 2575
2848,2848,2,1992 2575
2849,2849,2,1992 2575
2850,2850,3,1 1992 2574
2851,2851,2,1992 2575
2852,2852,2,1992 2575
2853,2853,2,1992 2575
2854,2854,2,1992 2575
2855,2855,2,1992 2575
2856,2856,2,1992 2575
2857,2857,2,1992 2575
2858,2858,2,1992 2575
2859,2859,2,1992 2575
2860,2860,2,1992 2575
2861,2861,2,1992 2575
2862,2862,2,1992 2575
2863,2863,2,1992 2575
2864,2864,2,1992 2575
2865,2865,2,1992 2575
2866,2866,2,1992 2575
2867,2867,4,1 1 1992 2573
2868,2868,2,1992 2575
2869,2869,2,1992 2575
2870,2870,2,1992 2575
2871,2871,2,1992 2575
2872,2872,3,1 1992 2574
2873,2873,3,1 1992 2574
2874,2874,2,1992 2575
2875,2875,2,1992 2575
2876,2876,2,1992 2575
2877,2877,2,1992 2575
2878,2878,2,1992 2575
2879,2879,2,1992 2575
2880,2880,2,1992 2575
2881,2881,2,1992 2575
2882,2882,2,1992 2575
2883,2883,2,1992 2575
2884,2884,2,1992 2575
2885,2885,2,1992 2575
2886,2886,2,1992 2575
2887,2887,2,1992 2575
2888,2888,2,1992 2575
2889,2889,2,1992 2575
2890,2890,2,1992 2575
2891,2891,2,1992 2575
2892,2892,2,1992 2575
2893,2893,2,1992 2575
2894,2894,2,1992 2575
2895,2895,2,1992 2575
2896,2896,2,1992 2575
2897,2897,3,1 1992 2574
2898,2898,2,1992 2575
2899,2899,3,1 1992 2574
2900,2900,3,1 1992 2574
2901,2901,2,1992 2575
2902,2902,2,1992 2575
2903,2903,2,1992 2575
2904,2904,2,1992 2575
2905,2905,2,1992 2575
2906,2906,2,1992 2575
2907,2907,2,1992 2575
2908,2908,2,1992 2575
2909,2909,2,1992 2575
2910,2910,2,1992 2575
2911,2911,2,1992 2575
2912,2912,2,1992 2575
2913,2913,2,1992 2575
2914,2914,2,1992 2575
2915,2915,2,1992 2575
2916,2916,2,1992 2575
2917,2917,2,1992 2575
2918,2918,2,1992 2575
2919,2919,2,1992 2575
2920,2920,2,1992 2575
2921,2921,2,1992 2575
2922,2922,2,1992 2575
2923,2923,2,1992 2575
2924,2924,2,1992 2575
2925,2925,2,1992 2575
2926,2926,2,1992 2575
2927,2927,2,1992 2575
2928,2928,2,1992 2575
2929,2929,2,1992 2575
2930,2930,2,1992 2575
2931,2931,2,1992 2575
2932,2932,2,1992 2575
2933,2933,2,1992 2575
2934,2934,2,1992 2575
2935,2935,2,1992 2575
2936,2936,2,1992 2575
2937,2937,2,1992 2575
2938,2938,2,1992 2575
2939,2939,2,1992 2575
2940,2940,2,1992 2575
2941,2941,2,1992 2575
2942,2942,3,1 1992 2574
2943,2943,2,1992 2575
2944,2944,2,1992 2575
2945,2945,2,1992 2575
2946,2946,2,1992 2575
2947,2947,2,1992 2575
2948,2948,2,1992 2575
2949,2949,2,1992 2575
2950,2950,2,1992 2575
2951,2951,2,1992 2575
2952,2952,3,1 1992 2574
2953,2953,2,1992 2575
2954,2954,2,1992 2575
2955,2955,3,1 1992 2574
2956,2956,2,1992 2575
2957,2957,3,1 1991 2575
2958,2958,2,1992 2575
2959,2959,2,1992 2575
2960,2960,2,1992 2575
2961,2961,2,1992 2575
2962,2962,2,1992 2575
2963,2963,2,1992 2575
2964,2964,2,1992 2575
2965,2965,2,1992 2575
2966,2966,2,1992 2575
2967,2967,2,1992 2575
2968,2968,4,1 1 1991 2574
2969,2969,3,1 1992 2574
2970,2970,2,1992 2575
2971,2971,2,1992 2575
2972,2972,2,1992 2575
2973,2973,2,1992 2575
2974,2974,2,1992 2575
2975,2975,2,1992 2575
2976,2976,2,1992 2575
2977,2977,2,1992 2575
2978,2978,2,1992 2575
2979,2979,2,1992 2575
2980,2980,2,1992 2575
2981,2981,2,1992 2575
2982,2982,2,1992 2575
2983,2983,2,1992 2575
2984,2984,3,1 1992 2574
2985,2985,2,1992 2575
2986,2986,2,1992 2575
2987,2987,2,1992 2575
2988,2988,2,1992 2575
2989,2989,2,1992 2575
2990,2990,2,1992 2575
2991,2991,2,1992 2575
2992,2992,2,1992 2575
2993,2993,2,1992 2575
2994,2994,2,1992 2575
2995,2995,2,1992 2575
2996,2996,2,1992 2575
2997,2997,2,1992 2575
2998,2998,2,1992 2575
2999,2999,2,1992 2575
3000,3000,2,1992 2575
3001,3001,4,1 1 1991 2574
3002,3002,2,1992 2575
3003,3003,2,1992 2575
3004,3004,2,1992 2575
3005,3005,3,1 1991 2575
3006,3006,2,1992 2575
3007,3007,2,1992 2575
3008,3008,2,1992 2575
3009,3009,2,1992 2575
3010,3010,2,1992 2575
3011,3011,2,1992 2575
3012,3012,3,1 1991 2575
3013,3013,3,2 1991 2574
3014,3014,3,2 1991 2574
3015,3015,2,1992 2575
3016,3016,2,1992 2575
3017,3017,2,1992 2575
3018,3018,2,1992 2575
3019,3019,2,1992 2575
3020,3020,2,1992 2575
3021,3021,2,1992 2575
3022,3022,2,1992 2575
3023,3023,2,1992 2575
3024,3024,2,1992 2575
3025,3025,2,1992 2575
3026,3026,2,1992 2575
3027,3027,2,1992 2575
3028,3028,2,1992 2575
3029,3029,2,1992 2575
3030,3030,2,1992 2575
3031,3031,2,1992 2575
3032,3032,2,1992 2575
3033,3033,2,1992 2575
3034,3034,2,1992 2575
3035,3035,2,1992 2575
3036,3036,2,1992 2575
3037,3037,2,1992 2575
3038,3038,2,1992 2575
3039,3039,2,1992 2575
3040,3040,2,1992 2575
3041,3041,2,1992 2575
3042,3042,2,1992 2575
3043,3043,2,1992 2575
3044,3044,2,1992 2575
3045,3045,2,1992 2575
3046,3046,2,1992 2575
3047,3047,2,1992 2575
3048,3048,2,1992 2575
3049,3049,2,1992 2575
3050,3050,2,1992 2575
3051,3051,2,1992 2575
3052,3052,2,1992 2575
3053,3053,2,1992 2575
3054,3054,3,1 1992 2574
3055,3055,2,1992 2575
3056,3056,2,1992 2575
3057,3057,2,1992 2575
3058,3058,3,1 1992 2574
3059,3059,2,1992 2575
3060,3060,3,1 1992 2574
3061,3061,2,1992 2575
3062,3062,2,1992 2575
3063,3063,2,1992 2575
3064,3064,2,1992 2575
3065,3065,2,1992 2575
3066,3066,2,1992 2575
3067,3067,2,1992 2575
3068,3068,2,1992 2575
3069,3069,2,1992 2575
3070,3070,3,1 1992 2574
3071,3071,3,1 1992 2574
3072,3072,2,1992 2575
3073,3073,2,1992 2575
3074,3074,2,1992 2575
3075,3075,3,1 1992 2574
3076,3076,2,1992 2575
3077,3077,2,1992 2575
3078,3078,2,1992 2575
3079,3079,2,1992 2575
3080,3080,2,1992 2575
3081,3081,2,1992 2575
3082,3082,2,1992 2575
3083,3083,2,1992 2575
3084,3084,2,1992 2575
3085,3085,2,1992 2575
3086,3086,2,1992 2575
3087,3087,2,1992 2575
3088,3088,2,1992 2575
3089,3089,2,1992 2575
3090,3090,4,1 1 1992 2573
3091,3091,2,1992 2575
3092,3092,2,1992 2575
3093,3093,2,1992 2575
3094,3094,2,1992 2575
3095,3095,2,1992 2575
3096,3096,2,1992 2575
3097,3097,3,1 1992 2574
3098,3098,2,1992 2575
3099,3099,2,1992 2575
3100,3100,2,1992 2575
3101,3101,2,1992 2575
3102,3102,2,1992 2575
3103,3103,2,1992 2575
3104,3104,2,1992 2575
3105,3105,2,1992 2575
3106,3106,2,1992 2575
3107,3107,2,1992 2575
3108,3108,2,1992 2575
3109,3109,2,1992 2575
3110,3110,2,1992 2575
3111,3111,2,1992 2575
3112,3112,2,1992 2575
3113,3113,2,1992 2575
3114,3114,2,1992 2575
3115,3115,2,1992 2575
3116,3116,2,1992 2575
3117,3117,3,1 1992 2574
3118,3118,2,1992 2575
3119,3119,2,1992 2575
3120,3120,2,1992 2575
3121,3121,2,1992 2575
3122,3122,2,1992 2575
3123,3123,2,1992 2575
3124,3124,2,1992 2575
3125,3125,2,1992 2575
3126,3126,2,1992 2575
3127,3127,2,1992 2575
3128,3128,2,1992 2575
3129,3129,2,1992 2575
3130,3130,2,1992 2575
3131,3131,2,1992 2575
3132,3132,3,1 1992 2574
3133,3133,2,1992 2575
3134,3134,2,1992 2575
3135,3135,2,1992 2575
3136,3136,2,1992 2575
3137,3137,2,1992 2575
3138,3138,2,1992 2575
3139,3139,2,1992 2575
3140,3140,2,1992 2575
3141,3141,2,1992 2575
3142,3142,2,1992 2575
3143,3143,2,1992 2575
3144,3144,3,1 1992 2574
3145,3145,2,1992 2575
3146,3146,2,1992 2575
3147,3147,2,1992 2575
3148,3148,2,1992 2575
3149,3149,2,1992 2575
3150,3150,2,1992 2575
3151,3151,2,1992 2575
3152,3152,2,1992 2575
3153,3153,2,1992 2575
3154,3154,2,1992 2575
3155,3155,2,1992 2575
3156,3156,2,1992 2575
3157,3157,2,1992 2575
3158,3158,2,1992 2575
3159,3159,2,1992 2575
3160,3160,2,1992 2575
3161,3161,2,1992 2575
3162,3162,2,1992 2575
3163,3163,2,1992 2575
3164,3164,2,1992 2575
3165,3165,2,1992 2575
3166,3166,2,1992 2575
3167,3167,2,1992 2575
3168,3168,2,1992 2575
3169,3169,2,1992 2575
3170,3170,2,1992 2575
3171,3171,2,1992 2575
3172,3172,2,1992 2575
3173,3173,2,1992 2575
3174,3174,2,1992 2575
3175,3175,2,1992 2575
3176,3176,2,1992 2575
3177,3177,2,1992 2575
3178,3178,2,1992 2575
3179,3179,2,1992 2575
3180,3180,2,1992 2575
3181,3181,2,1992 2575
3182,3182,2,1992 2575
3183,3183,2,1992 2575
3184,3184,2,1992 2575
3185,3185,2,1992 2575
3186,3186,2,1992 2575
3187,3187,2,1992 2575
3188,3188,2,1992 2575
3189,3189,2,1992 2575
3190,3190,3,1 1991 2575
3191,3191,3,1 1992 2574
3192,3192,2,1992 2575
3193,3193,2,1992 2575
3194,3194,2,1992 2575
3195,3195,2,1992 2575
3196,3196,2,1992 2575
3197,3197,2,1992 2575
3198,3198,2,1992 2575
3199,3199,2,1992 2575
3200,3200,2,1992 2575
3201,3201,3,1 1991 2575
3202,3202,2,1992 2575
3203,3203,2,1992 2575
3204,3204,2,1992 2575
3205,3205,2,1992 2575
3206,3206,2,1992 2575
3207,3207,2,1992 2575
3208,3208,2,1992 2575
3209,3209,2,1992 2575
3210,3210,2,1992 2575
3211,3211,2,1992 2575
3212,3212,2,1992 2575
3213,3213,2,1992 2575
3214,3214,3,1 1992 2574
3215,3215,2,1992 2575
3216,3216,2,1992 2575
3217,3217,2,1992 2575
3218,3218,3,1 1992 2574
3219,3219,2,1992 2575
3220,3220,2,1992 2575
3221,3221,2,1992 2575
3222,3222,2,1992 2575
3223,3223,2,1992 2575
3224,3224,3,1 1992 2574
3225,3225,2,1992 2575
3226,3226,3,1 1992 2574
3227,3227,3,1 1992 2574
3228,3228,2,1992 2575
3229,3229,2,1992 2575
3230,3230,2,1992 2575
3231,3231,2,1992 2575
3232,3232,2,1992 2575
3233,3233,2,1992 2575
3234,3234,2,1992 2575
3235,3235,2,1992 2575
3236,3236,2,1992 2575
3237,3237,2,1992 2575
3238,3238,2,1992 2575
3239,3239,2,1992 2575
3240,3240,2,1992 2575
3241,3241,2,1992 2575
3242,3242,2,1992 2575
3243,3243,2,1992 2575
3244,3244,2,1992 2575
3245,3245,2,1992 2575
3246,3246,2,1992 2575
3247,3247,2,1992 2575
3248,3248,2,1992 2575
3249,3249,2,1992 2575
3250,3250,3,1 1992 2574
3251,3251,2,1992 2575
3252,3252,2,1992 2575
3253,3253,2,1992 2575
3254,3254,2,1992 2575
3255,3255,2,1992 2575
3256,3256,2,1992 2575
3257,3257,3,1 1991 2575
3258,3258,2,1992 2575
3259,3259,2,1992 2575
3260,3260,2,1992 2575
3261,3261,2,1992 2575
3262,3262,3,1 1992 2574
3263,3263,2,1992 2575
3264,3264,2,1992 2575
3265,3265,2,1992 2575
3266,3266,3,1 1992 2574
3267,3267,2,1992 2575
3268,3268,2,1992 2575
3269,3269,2,1992 2575
3270,3270,3,1 1992 2574
3271,3271,2,1992 2575
3272,3272,2,1992 2575
3273,3273,2,1992 2575
3274,3274,2,1992 2575
3275,3275,2,1992 2575
3276,3276,2,1992 2575
3277,3277,2,1992 2575
3278,3278,2,1992 2575
3279,3279,3,1 1991 2575
3280,3280,2,1992 2575
3281,3281,2,1992 2575
3282,3282,2,1992 2575
3283,3283,3,1 1992 2574
3284,3284,2,1992 2575
3285,3285,2,1992 2575
3286,3286,3,1 1991 2575
3287,3287,2,1992 2575
3288,3288,3,1 1992 2574
3289,3289,2,1992 2575
3290,3290,2,1992 2575
3291,3291,3,1 1992 2574
3292,3292,2,1992 2575
3293,3293,3,1 1992 2574
3294,3294,2,1992 2575
3295,3295,2,1992 2575
3296,3296,2,1992 2575
3297,3297,2,1992 2575
3298,3298,2,1992 2575
3299,3299,2,1992 2575
3300,3300,2,1992 2575
3301,3301,2,1992 2575
3302,3302,3,1 1992 2574
3303,3303,2,1992 2575
3304,3304,2,1992 2575
3305,3305,2,1992 2575
3306,3306,2,1992 2575
3307,3307,2,1992 2575
3308,3308,2,1992 2575
3309,3309,2,1992 2575
3310,3310,2,1992 2575
3311,3311,2,1992 2575
3312,3312,2,1992 2575
3313,3313,2,1992 2575
3314,3314,2,1992 2575
3315,3315,2,1992 2575
3316,3316,2,1992 2575
3317,3317,2,1992 2575
3318,3318,2,1992 2575
3319,3319,2,1992 2575
3320,3320,3,1 1992 2574
3321,3321,2,1992 2575
3322,3322,2,1992 2575
3323,3323,2,1992 2575
3324,3324,2,1992 2575
3325,3325,2,1992 2575
3326,3326,2,1992 2575
3327,3327,2,1992 2575
3328,3328,2,1992 2575
3329,3329,2,1992 2575
3330,3330,2,1992 2575
3331,3331,2,1992 2575
3332,3332,2,1992 2575
3333,3333,2,1992 2575
3334,3334,3,1 1992 2574
3335,3335,2,1992 2575
3336,3336,2,1992 2575
3337,3337,3,1 1992 2574
3338,3338,2,1992 2575
3339,3339,2,1992 2575
3340,3340,2,1992 2575
3341,3341,2,1992 2575
3342,3342,2,1992 2575
3343,3343,2,1992 2575
3344,3344,2,1992 2575
3345,3345,2,1992 2575
3346,3346,2,1992 2575
3347,3347,2,1992 2575
3348,3348,2,1992 2575
3349,3349,2,1992 2575
3350,3350,3,1 1992 2574
3351,3351,2,1992 2575
3352,3352,2,1992 2575
3353,3353,2,1992 2575
3354,3354,2,1992 2575
3355,3355,2,1992 2575
3356,3356,2,1992 2575
3357,3357,2,1992 2575
3358,3358,2,1992 2575
3359,3359,2,1992 2575
3360,3360,2,1992 2575
3361,3361,2,1992 2575
3362,3362,2,1992 2575
3363,3363,2,1992 2575
3364,3364,2,1992 2575
3365,3365,2,1992 2575
3366,3366,2,1992 2575
3367,3367,2,1992 2575
3368,3368,2,1992 2575
3369,3369,2,1992 2575
3370,3370,2,1992 2575
3371,3371,2,1992 2575
3372,3372,3,1 1992 2574
3373,3373,2,1992 2575
3374,3374,2,1992 2575
3375,3375,2,1992 2575
3376,3376,2,1992 2575
3377,3377,2,1992 2575
3378,3378,2,1992 2575
3379,3379,2,1992 2575
3380,3380,2,1992 2575
3381,3381,2,1992 2575
3382,3382,2,1992 2575
3383,3383,3,1 1992 2574
3384,3384,2,1992 2575
3385,3385,2,1992 2575
3386,3386,3,1 1992 2574
3387,3387,2,1992 2575
3388,3388,2,1992 2575
3389,3389,2,1992 2575
3390,3390,2,1992 2575
3391,3391,2,1992 2575
3392,3392,2,1992 2575
3393,3393,2,1992 2575
3394,3394,2,1992 2575
3395,3395,2,1992 2575
3396,3396,2,1992 2575
3397,3397,2,1992 2575
3398,3398,2,1992 2575
3399,3399,2,1992 2575
3400,3400,2,1992 2575
3401,3401,2,1992 2575
3402,3402,2,1992 2575
3403,3403,2,1992 2575
3404,3404,2,1992 2575
3405,3405,2,1992 2575
3406,3406,2,1992 2575
3407,3407,2,1992 2575
3408,3408,2,1992 2575
3409,3409,2,1992 2575
3410,3410,2,1992 2575
3411,3411,3,1 1991 2575
3412,3412,2,1992 2575
3413,3413,2,1992 2575
3414,3414,2,1992 2575
3415,3415,2,1992 2575
3416,3416,2,1992 2575
3417,3417,3,1 1992 2574
3418,3418,2,1992 2575
3419,3419,2,1992 2575
3420,3420,2,1992 2575
3421,3421,2,1992 2575
3422,3422,3,1 1992 2574
3423,3423,2,1992 2575
3424,3424,2,1992 2575
3425,3425,2,1992 2575
3426,3426,2,1992 2575
3427,3427,2,1992 2575
3428,3428,2,1992 2575
3429,3429,2,1992 2575
3430,3430,2,1992 2575
3431,3431,2,1992 2575
3432,3432,2,1992 2575
3433,3433,2,1992 2575
3434,3434,3,1 1992 2574
3435,3435,2,1992 2575
3436,3436,2,1992 2575
3437,3437,2,1992 2575
3438,3438,2,1992 2575
3439,3439,2,1992 2575
3440,3440,2,1992 2575
3441,3441,2,1992 2575
3442,3442,2,1992 2575
3443,3443,3,1 1991 2575
3444,3444,2,1992 2575
3445,3445,2,1992 2575
3446,3446,3,1 1992 2574
3447,3447,2,1992 2575
3448,3448,3,1 1991 2575
3449,3449,2,1992 2575
3450,3450,2,1992 2575
3451,3451,2,1992 2575
3452,3452,2,1992 2575
3453,3453,2,1992 2575
3454,3454,3,1 1992 2574
3455,3455,2,1992 2575
3456,3456,3,1 1992 2574
3457,3457,3,1 1992 2574
3458,3458,2,1992 2575
3459,3459,2,1992 2575
3460,3460,2,1992 2575
3461,3461,2,1992 2575
3462,3462,2,1992 2575
3463,3463,3,1 1992 2574
3464,3464,2,1992 2575
3465,3465,2,1992 2575
3466,3466,2,1992 2575
3467,3467,2,1992 2575
3468,3468,2,1992 2575
3469,3469,2,1992 2575
3470,3470,2,1992 2575
3471,3471,2,1992 2575
3472,3472,2,1992 2575
3473,3473,2,1992 2575
3474,3474,3,1 1992 2574
3475,3475,2,1992 2575
3476,3476,3,1 1991 2575
3477,3477,2,1992 2575
3478,3478,2,1992 2575
3479,3479,2,1992 2575
3480,3480,2,1992 2575
3481,3481,2,1992 2575
3482,3482,2,1992 2575
3483,3483,2,1992 2575
3484,3484,2,1992 2575
3485,3485,2,1992 2575
3486,3486,2,1992 2575
3487,3487,2,1992 2575
3488,3488,2,1992 2575
3489,3489,2,1992 2575
3490,3490,2,1992 2575
3491,3491,2,1992 2575
3492,3492,2,1992 2575
3493,3493,2,1992 2575
3494,3494,2,1992 2575
3495,3495,2,1992 2575
3496,3496,2,1992 2575
3497,3497,2,1992 2575
3498,3498,3,1 1992 2574
3499,3499,2,1992 2575
3500,3500,2,1992 2575
3501,3501,2,1992 2575
3502,3502,2,1992 2575
3503,3503,2,1992 2575
3504,3504,2,1992 2575
3505,3505,2,1992 2575
3506,3506,2,1992 2575
3507,3507,2,1992 2575
3508,3508,2,1992 2575
3509,3509,2,1992 2575
3510,3510,2,1992 2575
3511,3511,2,1992 2575
3512,3512,2,1992 2575
3513,3513,2,1992 2575
3514,3514,3,1 1992 2574
3515,3515,2,1992 2575
3516,3516,2,1992 2575
3517,3517,2,1992 2575
3518,3518,2,1992 2575
3519,3519,2,1992 2575
3520,3520,2,1992 2575
3521,3521,2,1992 2575
3522,3522,2,1992 2575
3523,3523,2,1992 2575
3524,3524,2,1992 2575
3525,3525,2,1992 2575
3526,3526,2,1992 2575
3527,3527,2,1992 2575
3528,3528,3,1 1992 2574
3529,3529,2,1992 2575
3530,3530,2,1992 2575
3531,3531,2,1992 2575
3532,3532,2,1992 2575
3533,3533,2,1992 2575
3534,3534,2,1992 2575
3535,3535,2,1992 2575
3536,3536,2,1992 2575
3537,3537,3,1 1992 2574
3538,3538,2,1992 2575
3539,3539,2,1992 2575
3540,3540,2,1992 2575
3541,3541,2,1992 2575
3542,3542,2,1992 2575
3543,3543,2,1992 2575
3544,3544,2,1992 2575
3545,3545,2,1992 2575
3546,3546,2,1992 2575
3547,3547,2,1992 2575
3548,3548,3,1 1992 2574
3549,3549,2,1992 2575
3550,3550,2,1992 2575
3551,3551,2,1992 2575
3552,3552,2,1992 2575
3553,3553,2,1992 2575
3554,3554,2,1992 2575
3555,3555,3,1 1992 2574
3556,3556,2,1992 2575
3557,3557,2,1992 2575
3558,3558,2,1992 2575
3559,3559,2,1992 2575
3560,3560,2,1992 2575
3561,3561,2,1992 2575
3562,3562,2,1992 2575
3563,3563,2,1992 2575
3564,3564,2,1992 2575
3565,3565,2,1992 2575
3566,3566,2,1992 2575
3567,3567,2,1992 2575
3568,3568,2,1992 2575
3569,3569,2,1992 2575
3570,3570,3,1 1992 2574
3571,3571,2,1992 2575
3572,3572,3,1 1992 2574
3573,3573,2,1992 2575
3574,3574,2,1992 2575
3575,3575,2,1992 2575
3576,3576,2,1992 2575
3577,3577,2,1992 2575
3578,3578,2,1992 2575
3579,3579,2,1992 2575
3580,3580,2,1992 2575
3581,3581,2,1992 2575
3582,3582,3,1 1991 2575
3583,3583,2,1992 2575
3584,3584,2,1992 2575
3585,3585,2,1992 2575
3586,3586,2,1992 2575
3587,3587,2,1992 2575
3588,3588,2,1992 2575
3589,3589,2,1992 2575
3590,3590,2,1992 2575
3591,3591,2,1992 2575
3592,3592,2,1992 2575
3593,3593,2,1992 2575
3594,3594,2,1992 2575
3595,3595,2,1992 2575
3596,3596,2,1992 2575
3597,3597,2,1992 2575
3598,3598,2,1992 2575
3599,3599,2,1992 2575
3600,3600,2,1992 2575
3601,3601,2,1992 2575
3602,3602,3,1 1992 2574
3603,3603,2,1992 2575
3604,3604,2,1992 2575
3605,3605,2,1992 2575
3606,3606,2,1992 2575
3607,3607,2,1992 2575
3608,3608,2,1992 2575
3609,3609,2,1992 2575
3610,3610,2,1992 2575
3611,3611,2,1992 2575
3612,3612,3,1 1992 2574
3613,3613,3,1 1992 2574
3614,3614,2,1992 2575
3615,3615,2,1992 2575
3616,3616,2,1992 2575
3617,3617,2,1992 2575
3618,3618,3,1 1991 2575
3619,3619,2,1992 2575
3620,3620,2,1992 2575
3621,3621,2,1992 2575
3622,3622,2,1992 2575
3623,3623,3,2 1992 2573
3624,3624,2,1992 2575
3625,3625,2,1992 2575
3626,3626,2,1992 2575
3627,3627,2,1992 2575
3628,3628,2,1992 2575
3629,3629,3,1 1992 2574
3630,3630,2,1992 2575
3631,3631,2,1992 2575
3632,3632,2,1992 2575
3633,3633,2,1992 2575
3634,3634,2,1992 2575
3635,3635,2,1992 2575
3636,3636,2,1992 2575
3637,3637,2,1992 2575
3638,3638,3,1 1992 2574
3639,3639,3,1 1992 2574
3640,3640,2,1992 2575
3641,3641,2,1992 2575
3642,3642,2,1992 2575
3643,3643,3,1 1992 2574
3644,3644,2,1992 2575
3645,3645,2,1992 2575
3646,3646,2,1992 2575
3647,3647,2,1992 2575
3648,3648,2,1992 2575
3649,3649,2,1992 2575
3650,3650,2,1992 2575
3651,3651,2,1992 2575
3652,3652,3,1 1992 2574
3653,3653,2,1992 2575
3654,3654,2,1992 2575
3655,3655,2,1992 2575
3656,3656,2,1992 2575
3657,3657,2,1992 2575
3658,3658,2,1992 2575
3659,3659,2,1992 2575
3660,3660,2,1992 2575
3661,3661,2,1992 2575
3662,3662,2,1992 2575
3663,3663,2,1992 2575
3664,3664,2,1992 2575
3665,3665,2,1992 2575
3666,3666,2,1992 2575
3667,3667,2,1992 2575
3668,3668,2,1992 2575
3669,3669,2,1992 2575
3670,3670,2,1992 2575
3671,3671,3,1 1992 2574
3672,3672,2,1992 2575
3673,3673,2,1992 2575
3674,3674,2,1992 2575
3675,3675,3,1 1992 2574
3676,3676,2,1992 2575
3677,3677,2,1992 2575
3678,3678,2,1992 2575
3679,3679,2,1992 2575
3680,3680,3,1 1992 2574
3681,3681,2,1992 2575
3682,3682,3,1 1992 2574
3683,3683,2,1992 2575
3684,3684,2,1992 2575
3685,3685,2,1992 2575
3686,3686,2,1992 2575
3687,3687,2,1992 2575
3688,3688,2,1992 2575
3689,3689,2,1992 2575
3690,3690,2,1992 2575
3691,3691,2,1992 2575
3692,3692,3,1 1992 2574
3693,3693,2,1992 2575
3694,3694,3,1 1992 2574
3695,3695,3,2 1992 2573
3696,3696,2,1992 2575
3697,3697,2,1992 2575
3698,3698,2,1992 2575
3699,3699,2,1992 2575
3700,3700,2,1992 2575
3701,3701,2,1992 2575
3702,3702,2,1992 2575
3703,3703,2,1992 2575
3704,3704,2,1992 2575
3705,3705,2,1992 2575
3706,3706,2,1992 2575
3707,3707,2,1992 2575
3708,3708,2,1992 2575
3709,3709,2,1992 2575
3710,3710,2,1992 2575
3711,3711,2,1992 2575
3712,3712,2,1992 2575
3713,3713,2,1992 2575
3714,3714,2,1992 2575
3715,3715,2,1992 2575
3716,3716,2,1992 2575
3717,3717,2,1992 2575
3718,3718,2,1992 2575
3719,3719,3,1 1992 2574
3720,3720,2,1992 2575
3721,3721,2,1992 2575
3722,3722,2,1992 2575
3723,3723,2,1992 2575
3724,3724,2,1992 2575
3725,3725,3,1 1992 2574
3726,3726,2,1992 2575
3727,3727,2,1992 2575
3728,3728,2,1992 2575
3729,3729,3,1 1992 2574
3730,3730,2,1992 2575
3731,3731,2,1992 2575
3732,3732,2,1992 2575
3733,3733,2,1992 2575
3734,3734,2,1992 2575
3735,3735,2,1992 2575
3736,3736,2,1992 2575
3737,3737,2,1992 2575
3738,3738,2,1992 2575
3739,3739,2,1992 2575
3740,3740,2,1992 2575
3741,3741,2,1992 2575
3742,3742,2,1992 2575
3743,3743,2,1992 2575
3744,3744,3,1 1991 2575
3745,3745,2,1992 2575
3746,3746,2,1992 2575
3747,3747,2,1992 2575
3748,3748,2,1992 2575
3749,3749,2,1992 2575
3750,3750,2,1992 2575
3751,3751,2,1992 2575
3752,3752,2,1992 2575
3753,3753,2,1992 2575
3754,3754,2,1992 2575
3755,3755,3,1 1991 2575
3756,3756,3,1 1992 2574
3757,3757,2,1992 2575
3758,3758,2,1992 2575
3759,3759,2,1992 2575
3760,3760,2,1992 2575
3761,3761,2,1992 2575
3762,3762,2,1992 2575
3763,3763,2,1992 2575
3764,3764,3,1 1992 2574
3765,3765,2,1992 2575
3766,3766,2,1992 2575
3767,3767,2,1992 2575
3768,3768,2,1992 2575
3769,3769,3,1 1992 2574
3770,3770,2,1992 2575
3771,3771,2,1992 2575
3772,3772,2,1992 2575
3773,3773,2,1992 2575
3774,3774,2,1992 2575
3775,3775,2,1992 2575
3776,3776,2,1992 2575
3777,3777,2,1992 2575
3778,3778,3,1 1992 2574
3779,3779,2,1992 2575
3780,3780,2,1992 2575
3781,3781,2,1992 2575
3782,3782,2,1992 2575
3783,3783,3,1 1991 2575
3784,3784,2,1992 2575
3785,3785,2,1992 2575
3786,3786,3,1 1991 2575
3787,3787,2,1992 2575
3788,3788,2,1992 2575
3789,3789,2,1992 2575
3790,3790,2,1992 2575
3791,3791,2,1992 2575
3792,3792,2,1992 2575
3793,3793,2,1992 2575
3794,3794,2,1992 2575
3795,3795,2,1992 2575
3796,3796,2,1992 2575
3797,3797,2,1992 2575
3798,3798,2,1992 2575
3799,3799,2,1992 2575
3800,3800,3,1 1992 2574
3801,3801,2,1992 2575
3802,3802,2,1992 2575
3803,3803,2,1992 2575
3804,3804,2,1992 2575
3805,3805,2,1992 2575
3806,3806,2,1992 2575
3807,3807,2,1992 2575
3808,3808,2,1992 2575
3809,3809,2,1992 2575
3810,3810,2,1992 2575
3811,3811,3,1 1992 2574
3812,3812,2,1992 2575
3813,3813,2,1992 2575
3814,3814,2,1992 2575
3815,3815,2,1992 2575
3816,3816,2,1992 2575
3817,3817,2,1992 2575
3818,3818,2,1992 2575
3819,3819,2,1992 2575
3820,3820,2,1992 2575
3821,3821,2,1992 2575
3822,3822,2,1992 2575
3823,3823,2,1992 2575
3824,3824,2,1992 2575
3825,3825,2,1992 2575
3826,3826,2,1992 2575
3827,3827,2,1992 2575
3828,3828,2,1992 2575
3829,3829,2,1992 2575
3830,3830,2,1992 2575
3831,3831,2,1992 2575
3832,3832,2,1992 2575
3833,3833,2,1992 2575
3834,3834,3,2 1992 2573
3835,3835,3,1 1992 2574
3836,3836,2,1992 2575
3837,3837,2,1992 2575
3838,3838,2,1992 2575
3839,3839,2,1992 2575
3840,3840,2,1992 2575
3841,3841,3,1 1992 2574
3842,3842,2,1992 2575
3843,3843,2,1992 2575
3844,3844,2,1992 2575
3845,3845,2,1992 2575
3846,3846,2,1992 2575
3847,3847,2,1992 2575
3848,3848,2,1992 2575
3849,3849,2,1992 2575
3850,3850,2,1992 2575
3851,3851,2,1992 2575
3852,3852,3,1 1991 2575
3853,3853,2,1992 2575
3854,3854,2,1992 2575
3855,3855,2,1992 2575
3856,3856,2,1992 2575
3857,3857,2,1992 2575
3858,3858,2,1992 2575
3859,3859,2,1992 2575
3860,3860,2,1992 2575
3861,3861,2,1992 2575
3862,3862,2,1992 2575
3863,3863,2,1992 2575
3864,3864,2,1992 2575
3865,3865,2,1992 2575
3866,3866,2,1992 2575
3867,3867,2,1992 2575
3868,3868,2,1992 2575
3869,3869,2,1992 2575
3870,3870,2,1992 2575
3871,3871,2,1992 2575
3872,3872,2,1992 2575
3873,3873,2,1992 2575
3874,3874,2,1992 2575
3875,3875,3,1 1991 2575
3876,3876,2,1992 2575
3877,3877,2,1992 2575
3878,3878,2,1992 2575
3879,3879,2,1992 2575
3880,3880,2,1992 2575
3881,3881,2,1992 2575
3882,3882,2,1992 2575
3883,3883,2,1992 2575
3884,3884,2,1992 2575
3885,3885,2,1992 2575
3886,3886,2,1992 2575
3887,3887,2,1992 2575
3888,3888,2,1992 2575
3889,3889,2,1992 2575
3890,3890,2,1992 2575
3891,3891,3,1 1991 2575
3892,3892,3,1 1992 2574
3893,3893,2,1992 2575
3894,3894,2,1992 2575
3895,3895,2,1992 2575
3896,3896,2,1992 2575
3897,3897,2,1992 2575
3898,3898,2,1992 2575
3899,3899,2,1992 2575
3900,3900,2,1992 2575
3901,3901,2,1992 2575
3902,3902,3,1 1992 2574
3903,3903,2,1992 2575
3904,3904,2,1992 2575
3905,3905,2,1992 2575
3906,3906,2,1992 2575
3907,3907,2,1992 2575
3908,3908,2,1992 2575
3909,3909,2,1992 2575
3910,3910,2,1992 2575
3911,3911,2,1992 2575
3912,3912,2,1992 2575
3913,3913,2,1992 2575
3914,3914,2,1992 2575
3915,3915,3,1 1992 2574
3916,3916,2,1992 2575
3917,3917,2,1992 2575
3918,3918,2,1992 2575
3919,3919,2,1992 2575
3920,3920,2,1992 2575
3921,3921,2,1992 2575
3922,3922,2,1992 2575
3923,3923,2,1992 2575
3924,3924,2,1992 2575
3925,3925,2,1992 2575
3926,3926,2,1992 2575
3927,3927,2,1992 2575
3928,3928,3,1 1992 2574
3929,3929,2,1992 2575
3930,3930,2,1992 2575
3931,3931,2,1992 2575
3932,3932,2,1992 2575
3933,3933,2,1992 2575
3934,3934,2,1992 2575
3935,3935,2,1992 2575
3936,3936,2,1992 2575
3937,3937,2,1992 2575
3938,3938,3,1 1992 2574
3939,3939,2,1992 2575
3940,3940,2,1992 2575
3941,3941,3,1 1992 2574
3942,3942,2,1992 2575
3943,3943,2,1992 2575
3944,3944,2,1992 2575
3945,3945,2,1992 2575
3946,3946,2,1992 2575
3947,3947,2,1992 2575
3948,3948,2,1992 2575
3949,3949,2,1992 2575
3950,3950,2,1992 2575
3951,3951,2,1992 2575
3952,3952,2,1992 2575
3953,3953,2,1992 2575
3954,3954,2,1992 2575
3955,3955,2,1992 2575
3956,3956,2,1992 2575
3957,3957,2,1992 2575
3958,3958,2,1992 2575
3959,3959,2,1992 2575
3960,3960,2,1992 2575
3961,3961,2,1992 2575
3962,3962,2,1992 2575
3963,3963,2,1992 2575
3964,3964,3,1 1991 2575
3965,3965,2,1992 2575
3966,3966,2,1992 2575
3967,3967,2,1992 2575
3968,3968,2,1992 2575
3969,3969,2,1992 2575
3970,3970,2,1992 2575
3971,3971,2,1992 2575
3972,3972,2,1992 2575
3973,3973,3,1 1992 2574
3974,3974,2,1992 2575
3975,3975,2,1992 2575
3976,3976,2,1992 2575
3977,3977,2,1992 2575
3978,3978,2,1992 2575
3979,3979,2,1992 2575
3980,3980,2,1992 2575
3981,3981,2,1992 2575
3982,3982,2,1992 2575
3983,3983,2,1992 2575
3984,3984,3,1 1992 2574
3985,3985,2,1992 2575
3986,3986,3,1 1992 2574
3987,3987,2,1992 2575
3988,3988,2,1992 2575
3989,3989,2,1992 2575
3990,3990,2,1992 2575
3991,3991,2,1992 2575
3992,3992,2,1992 2575
3993,3993,2,1992 2575
3994,3994,2,1992 2575
3995,3995,2,1992 2575
3996,3996,2,1992 2575
3997,3997,2,1992 2575
3998,3998,2,1992 2575
3999,3999,2,1992 2575
4000,4000,2,1992 2575
